1542391872.000000, 1542391872.000000, 1542391872.000000
32.000000, 32.000000, 32.000000
-15,-13,59
-15,-13,60
-14,-13,60
-14,-12,60
-14,-12,60
-14,-13,59
-14,-13,60
-15,-13,60
-15,-13,60
-14,-13,60
-14,-13,60
-15,-13,60
-14,-13,59
-14,-13,61
-14,-13,60
-14,-13,60
-14,-13,60
-14,-13,59
-14,-13,60
-14,-13,60
-14,-13,60
-14,-13,60
-14,-13,59
-13,-13,59
-13,-13,60
-14,-13,60
-14,-13,60
-14,-13,61
-14,-13,61
-14,-13,60
-14,-14,60
-16,-14,61
-17,-13,61
-15,-20,58
-14,-23,53
-14,-23,54
-13,-21,52
3,-10,47
11,-6,43
25,2,38
29,16,36
25,18,31
28,25,25
51,33,35
63,32,33
76,40,32
75,48,37
84,49,39
57,46,33
48,41,26
53,33,29
49,29,29
56,28,28
47,27,27
27,25,27
32,25,28
40,27,33
41,26,34
43,27,34
40,29,34
38,27,42
33,24,44
31,22,55
33,22,52
44,21,47
49,24,47
43,27,45
43,27,42
47,29,36
43,29,30
41,29,31
36,28,33
39,26,34
39,26,35
40,26,38
39,26,38
40,27,39
42,35,35
57,63,31
52,62,47
23,29,59
24,4,53
36,2,57
30,-4,58
8,-5,56
6,-5,55
12,-5,59
4,-5,57
4,-4,57
10,0,60
5,0,62
1,0,63
4,0,66
5,1,67
4,2,66
9,-13,54
8,4,60
6,8,62
5,6,59
6,7,60
4,7,61
5,7,62
3,6,63
2,6,63
4,7,62
5,6,63
5,6,62
4,8,61
7,8,61
7,8,61
3,8,61
3,8,61
7,7,62
3,9,63
3,10,62
6,10,62
8,10,63
7,10,63
6,9,62
8,10,62
6,9,61
7,10,60
7,10,62
6,9,62
7,9,62
7,9,61
7,9,61
6,9,61
7,9,62
7,9,61
7,9,60
11,6,59
9,13,62
9,10,61
9,13,62
9,14,62
12,17,61
11,16,60
10,14,59
14,14,58
17,13,54
19,13,50
23,18,51
23,20,45
26,20,43
33,26,37
33,27,26
43,28,29
56,41,42
51,45,40
40,37,33
60,35,28
54,28,18
49,27,7
56,30,3
61,27,7
55,25,0
52,29,-17
57,27,-12
63,25,-7
51,23,-10
54,20,-6
54,23,-9
60,20,-13
63,21,-16
58,24,-17
53,22,-18
54,21,-18
63,22,-19
58,20,-18
56,21,-19
57,23,-21
59,23,-20
56,23,-20
54,23,-22
51,24,-24
50,24,-25
52,25,-24
53,24,-23
50,24,-22
50,24,-23
52,26,-25
53,27,-24
53,26,-23
55,28,-25
48,27,-25
51,26,-26
51,30,-31
50,29,-30
51,28,-26
51,29,-26
53,29,-24
49,29,-26
37,26,-27
46,25,-23
50,28,-28
49,29,-27
48,30,-29
44,29,-29
48,27,-27
50,30,-31
50,32,-33
47,29,-27
48,29,-27
45,30,-30
48,31,-27
51,29,-25
51,30,-26
46,29,-25
44,26,-26
55,32,-28
49,31,-28
48,29,-26
54,30,-23
51,31,-24
47,29,-23
45,29,-25
51,29,-22
55,28,-22
47,29,-26
49,28,-27
52,30,-21
57,30,-21
54,31,-23
49,29,-17
50,30,-20
50,31,-19
50,30,-14
51,30,-14
52,30,-15
53,30,-15
55,31,-15
55,31,-15
53,31,-16
50,30,-15
52,30,-15
52,30,-14
57,30,-15
53,31,-15
49,29,-15
56,31,-14
54,31,-16
55,32,-13
51,31,-15
51,30,-15
52,31,-14
52,31,-15
52,31,-14
52,31,-13
53,31,-15
54,31,-14
52,31,-13
54,31,-13
54,31,-13
53,31,-13
53,31,-14
52,31,-14
52,32,-15
51,32,-15
53,32,-14
53,32,-13
53,32,-14
52,31,-14
52,31,-14
53,31,-14
52,31,-15
52,31,-15
52,32,-15
52,32,-15
53,32,-14
53,32,-14
52,32,-15
51,32,-14
53,32,-13
52,32,-14
52,32,-13
51,32,-15
52,32,-14
52,32,-14
52,32,-13
53,32,-13
52,32,-14
52,32,-14
52,32,-14
52,31,-13
52,31,-13
52,31,-14
52,31,-13
52,32,-14
52,32,-14
53,32,-13
53,32,-13
52,32,-14
53,31,-14
53,31,-15
53,31,-15
52,31,-14
52,32,-14
51,31,-15
51,31,-15
53,31,-14
53,31,-14
52,31,-16
52,31,-16
53,31,-15
53,31,-15
54,31,-14
54,30,-14
53,30,-14
52,30,-14
51,31,-12
50,31,-13
50,33,-15
50,32,-15
51,32,-15
55,31,-14
55,30,-14
56,30,-13
56,29,-14
54,29,-15
54,29,-14
54,29,-14
53,29,-14
53,30,-14
53,30,-14
53,30,-15
53,30,-14
54,31,-14
53,31,-10
49,29,-12
54,30,-16
54,31,-13
54,32,-13
53,31,-15
53,30,-14
54,30,-14
53,30,-14
52,30,-14
53,30,-14
53,31,-14
52,30,-14
52,30,-14
53,31,-14
52,31,-14
53,31,-15
54,31,-13
53,32,-14
54,32,-14
55,31,-11
53,30,-13
56,32,-13
53,28,-9
50,29,-12
54,29,-16
54,31,-12
52,31,-8
56,30,-10
59,30,-7
54,31,-10
54,33,-10
53,30,-13
51,32,-15
51,31,-12
55,29,-9
54,31,-9
51,29,-7
50,31,-5
54,31,-4
56,31,-5
55,31,-6
54,30,-7
51,31,-8
53,30,-9
53,29,-6
55,31,-7
55,29,-6
54,29,-6
56,29,-4
55,30,-7
54,29,-9
55,29,-7
55,29,-9
55,30,-9
55,30,-7
54,30,-6
56,31,-6
56,30,-6
56,29,-6
55,29,-7
54,30,-7
55,29,-8
55,29,-7
55,28,-7
54,29,-6
55,29,-6
55,29,-5
56,29,-6
56,29,-6
55,29,-7
55,29,-6
54,29,-7
54,29,-6
55,28,-4
55,28,-5
55,28,-7
56,27,-6
58,29,-7
56,28,-6
56,28,-6
55,28,-7
55,28,-8
56,28,-7
54,27,-7
56,29,-9
58,29,-6
54,28,-7
57,28,-6
56,28,-6
53,28,-8
55,28,-6
55,28,-7
56,29,-8
57,29,-6
56,29,-7
54,28,-8
56,29,-7
55,29,-7
55,28,-9
53,28,-10
53,28,-9
54,29,-8
53,27,-11
56,28,-9
57,27,-8
58,28,-9
58,28,-10
56,28,-9
55,28,-10
56,27,-10
52,28,-12
55,27,-11
57,27,-11
54,28,-14
57,27,-11
58,27,-11
55,27,-14
54,28,-14
54,27,-13
56,26,-13
61,26,-9
59,26,-7
50,27,-11
62,25,-9
69,29,-10
49,26,-9
53,28,-8
55,27,-6
56,27,-6
57,28,-9
52,27,-8
60,28,-4
59,28,-6
55,26,-5
57,25,0
57,26,-2
55,26,-5
58,28,-4
57,27,-4
55,27,-5
57,27,-5
56,27,-5
56,26,-3
56,27,-5
57,27,-4
56,27,-3
56,27,-5
56,27,-5
57,27,-4
57,26,-4
56,26,-4
56,27,-4
57,27,-4
56,27,-5
56,27,-5
54,27,-7
54,26,-6
58,27,-3
58,26,-4
58,27,-7
57,27,-7
53,26,-5
53,26,-5
57,27,-8
56,28,-4
56,27,-5
58,27,-3
58,27,-5
55,26,-4
56,26,-3
56,27,-5
56,27,-6
56,27,-4
57,28,-4
55,27,-6
57,27,-4
56,26,-4
57,26,-5
57,27,-3
58,26,-3
54,27,-8
59,26,-2
55,26,-6
53,27,-8
59,27,-5
58,28,-5
54,26,-6
58,27,-4
56,26,-6
56,26,-6
55,27,-7
56,27,-6
56,27,-5
56,27,-7
56,28,-8
57,27,-4
55,27,-6
55,26,-7
57,28,-6
55,26,-7
55,28,-7
57,27,-6
56,27,-7
56,27,-6
55,27,-7
55,26,-8
57,27,-7
55,26,-8
56,27,-7
58,27,-7
55,27,-7
57,27,-8
58,27,-8
56,27,-8
56,27,-8
56,27,-8
55,27,-9
56,26,-8
56,26,-9
57,27,-9
56,26,-8
56,26,-9
56,26,-8
55,26,-8
56,26,-9
56,26,-9
56,26,-9
56,26,-9
56,26,-9
56,26,-9
56,26,-9
56,26,-9
56,26,-9
56,26,-9
56,25,-9
56,25,-9
56,26,-10
56,26,-10
56,26,-10
56,26,-9
56,26,-10
56,26,-10
57,27,-9
57,26,-9
56,26,-10
57,27,-9
55,26,-8
54,26,-7
55,26,-8
56,26,-7
55,26,-8
58,27,-8
57,26,-9
56,26,-8
55,25,-8
56,27,-10
57,27,-9
57,27,-9
55,25,-9
55,25,-10
56,27,-11
57,28,-10
56,27,-9
56,27,-9
58,27,-12
55,28,-10
51,23,-6
59,25,-4
59,26,-6
57,26,-9
56,27,-9
55,26,-7
57,26,-9
56,26,-10
54,26,-10
61,28,-10
55,26,-9
52,24,-6
57,24,-6
58,27,-8
56,27,-7
56,26,-6
55,27,-9
55,27,-10
56,27,-8
57,27,-8
55,26,-8
57,27,-8
58,27,-8
56,27,-9
56,26,-8
56,27,-9
56,27,-9
56,26,-8
56,26,-8
56,27,-8
57,27,-9
56,27,-9
56,26,-8
57,27,-9
56,27,-9
56,27,-9
56,27,-7
55,27,-9
57,27,-9
57,26,-8
54,26,-9
56,27,-8
57,27,-8
55,27,-9
55,27,-8
55,27,-9
54,27,-9
56,27,-8
55,27,-9
54,27,-9
56,27,-9
57,27,-9
56,27,-9
56,27,-9
55,27,-9
56,27,-9
57,27,-9
56,27,-9
55,27,-9
55,26,-8
56,27,-8
56,27,-9
55,27,-9
56,27,-8
56,27,-9
56,26,-8
56,26,-9
56,26,-9
56,26,-8
56,27,-9
56,27,-9
56,26,-8
56,27,-9
57,27,-8
55,27,-10
55,27,-9
56,26,-9
56,27,-9
56,26,-9
56,27,-9
56,27,-9
56,27,-9
54,26,-9
56,26,-9
58,27,-8
55,26,-9
57,27,-9
56,26,-8
56,26,-9
56,26,-9
56,26,-9
56,26,-9
56,26,-9
56,27,-9
56,27,-9
56,26,-9
56,26,-9
56,27,-9
56,26,-8
56,26,-8
56,27,-9
57,27,-8
56,26,-9
56,27,-8
57,26,-6
56,26,-8
55,26,-9
59,27,-7
56,26,-8
56,26,-9
57,27,-8
55,26,-8
56,26,-8
56,27,-8
56,27,-8
56,27,-8
56,27,-8
56,26,-9
56,26,-8
56,26,-8
56,26,-8
56,27,-8
56,27,-8
57,26,-7
57,27,-7
55,26,-8
55,25,-7
54,25,-7
56,26,-9
58,27,-7
55,26,-8
55,26,-9
57,26,-8
56,27,-8
56,27,-8
56,26,-8
57,27,-7
56,26,-7
55,27,-8
55,27,-7
55,26,-7
55,26,-9
57,27,-7
57,27,-8
56,27,-8
57,27,-7
57,27,-8
56,27,-8
57,26,-8
57,26,-8
56,27,-8
56,26,-7
52,25,-8
57,28,-7
58,26,-6
55,27,-7
56,26,-8
57,27,-7
57,26,-8
55,27,-7
55,26,-7
57,27,-7
56,26,-7
56,27,-8
56,27,-8
56,26,-6
56,27,-8
57,27,-7
56,26,-7
56,26,-7
56,26,-7
57,26,-8
56,26,-8
56,26,-7
56,27,-7
56,26,-8
57,27,-8
57,26,-7
56,26,-7
56,26,-8
56,26,-7
56,26,-7
56,26,-7
56,26,-7
56,26,-7
57,27,-7
56,26,-7
56,27,-8
56,26,-7
56,26,-8
56,27,-7
57,26,-6
56,26,-7
55,26,-8
55,25,-5
56,26,-7
57,26,-9
57,27,-8
57,27,-6
56,27,-7
56,26,-7
56,26,-7
56,26,-7
56,26,-8
57,27,-7
57,27,-7
56,26,-7
56,26,-7
55,25,-7
57,26,-7
56,26,-7
56,26,-7
56,26,-7
56,26,-7
56,26,-7
56,26,-6
56,27,-7
57,27,-7
56,26,-6
56,27,-7
57,27,-7
55,26,-7
55,26,-7
57,27,-7
55,26,-8
56,26,-8
58,27,-7
54,26,-7
54,26,-8
57,26,-7
59,26,-8
57,26,-8
57,27,-8
55,26,-7
53,27,-8
54,26,-11
57,26,-10
57,26,-10
59,26,-9
56,27,-10
55,27,-11
56,26,-10
55,26,-11
55,26,-10
55,25,-12
56,26,-11
55,26,-11
56,27,-11
53,26,-13
54,27,-13
58,27,-13
52,25,-19
55,27,-19
57,26,-18
56,27,-18
54,27,-19
51,26,-18
54,27,-20
52,26,-20
54,26,-18
54,26,-19
55,26,-19
56,26,-18
55,26,-17
54,27,-18
53,26,-18
54,26,-18
54,26,-18
54,26,-18
54,26,-17
54,26,-17
55,27,-18
55,26,-17
55,26,-18
58,26,-17
51,24,-15
58,27,-19
51,26,-16
52,25,-15
56,26,-14
55,26,-12
56,25,-12
55,26,-15
55,26,-14
54,26,-15
55,26,-15
56,26,-14
56,26,-14
55,26,-14
55,26,-14
54,26,-15
56,26,-14
55,26,-14
55,25,-14
55,26,-15
57,25,-12
55,25,-14
55,26,-9
48,23,-13
49,22,-19
67,17,-11
51,10,-19
57,12,-24
49,11,-27
51,4,-29
54,10,-31
56,4,-22
54,4,-25
55,4,-26
55,4,-26
56,2,-27
54,3,-29
55,2,-31
54,2,-23
48,0,-25
61,-1,-31
61,-2,-27
66,-3,-21
61,-8,-38
58,-7,-32
61,-6,-33
62,-11,-30
62,-11,-23
62,-10,-22
64,-14,-25
65,-16,-21
46,-16,-23
74,-18,-13
80,-23,-7
67,-20,-17
63,-28,0
70,-23,8
51,-14,28
32,-9,29
33,-8,34
49,-4,44
42,-6,42
41,-5,43
41,-4,41
42,-6,43
39,-5,40
37,-7,35
66,-4,33
67,0,37
44,2,33
54,2,33
61,1,37
61,-1,38
63,-5,41
65,-6,42
58,5,38
57,19,38
54,21,37
48,21,37
49,20,32
49,22,27
49,24,11
49,25,12
48,26,11
49,29,-1
49,21,3
49,18,8
45,13,16
51,8,20
62,6,19
66,3,25
61,5,27
63,5,27
63,6,23
51,6,21
55,8,18
60,9,17
49,14,13
54,14,12
59,15,9
57,11,0
59,6,-1
63,19,-1
63,22,-6
68,21,4
60,18,-4
60,21,-1
62,18,2
63,12,-6
66,11,-6
80,13,-7
46,2,-16
32,3,-19
60,13,-10
58,15,-10
45,18,-15
53,21,-15
67,15,-2
65,12,-3
59,15,-6
73,13,-2
74,12,-4
67,4,-12
60,6,-14
61,8,-13
57,10,-13
46,21,-12
49,24,-17
51,22,-20
61,25,-25
69,23,-20
63,18,-19
61,14,-15
58,13,-19
58,14,-19
60,18,-20
59,15,-18
57,17,-17
49,14,-9
51,15,-10
56,14,-13
60,16,-18
60,15,-14
60,17,-18
55,13,-10
54,14,-13
61,14,-5
65,11,-8
64,13,-10
78,16,-1
76,20,5
69,20,6
69,21,11
67,21,11
61,23,-1
56,24,-3
55,25,-3
50,28,-10
57,39,-4
61,40,1
65,56,-7
64,53,-4
65,58,3
50,49,4
26,41,5
29,37,14
35,26,25
12,25,22
14,23,26
21,37,29
18,34,31
17,39,27
20,45,23
30,48,30
27,51,34
26,42,44
13,43,29
9,43,29
9,38,30
8,40,27
13,42,34
22,45,41
18,48,22
22,55,19
18,58,13
35,53,23
42,54,24
33,60,9
23,50,4
25,48,-2
63,49,10
51,47,3
51,47,-5
67,52,-7
82,51,-3
79,49,-4
88,49,-6
77,47,-10
64,39,-10
46,27,-20
50,34,-13
48,34,-9
57,31,-15
61,35,-15
61,30,2
43,23,0
42,31,10
37,27,-2
60,25,19
43,18,18
43,27,21
38,29,24
35,30,29
28,48,31
18,50,34
15,46,33
3,40,29
18,45,37
20,36,47
16,27,47
28,47,11
12,42,19
33,46,30
21,51,31
24,53,35
29,46,41
11,38,36
20,37,26
27,37,32
20,45,27
14,46,23
24,49,28
40,59,40
40,51,46
27,50,35
23,42,29
34,55,27
35,51,43
45,52,46
45,49,37
56,30,47
52,32,26
60,18,26
41,22,22
29,17,15
31,17,16
39,24,20
26,32,11
29,36,9
42,45,20
26,52,17
27,54,15
43,59,17
47,66,16
51,76,-2
58,61,4
57,45,8
58,44,9
54,36,3
48,32,0
37,27,-4
32,30,-1
31,32,-1
29,30,0
43,21,5
56,18,0
53,23,-12
44,14,-10
48,8,-8
51,0,-2
49,-5,-1
43,-10,-13
47,-22,-22
63,-30,-18
67,-39,-17
79,-61,-26
73,-68,-21
71,-65,-16
73,-67,-19
71,-53,-20
84,-50,3
48,-34,-6
29,-35,-2
21,-34,13
19,-39,-9
45,-49,-12
44,-44,-10
46,-49,-18
61,-40,6
48,-37,5
44,-37,-1
46,-25,-58
67,-12,-38
21,-42,-5
-7,-70,-13
15,-65,0
28,-82,-4
44,-78,-18
57,-76,8
41,-66,7
15,-76,14
11,-67,4
5,-65,-7
-5,-63,-24
-3,-59,-27
6,-62,-27
14,-63,-23
20,-60,-22
28,-55,-18
33,-54,-10
18,-52,-7
11,-56,1
16,-60,-5
30,-58,-10
22,-57,-25
20,-55,-30
-14,-63,-24
-24,-38,2
11,-52,17
30,-81,-10
6,-67,0
3,-75,9
12,-78,20
15,-79,19
17,-67,1
41,-74,-4
42,-59,-14
39,-62,-25
47,-55,-25
43,-47,-21
36,-46,-27
35,-43,-33
36,-41,-25
40,-31,-17
41,-41,-11
33,-39,-13
50,-42,3
42,-52,19
51,-30,-8
49,-26,-21
59,-16,-2
51,1,-21
51,-4,-27
65,-12,-13
52,-22,-11
50,-24,-10
47,-24,-12
34,-23,-16
48,-29,-8
67,-33,-22
63,-39,-26
45,-34,-31
26,-40,-36
74,-44,-21
108,-38,-3
55,-34,-15
35,-34,-14
37,-33,-11
49,-34,-4
46,-33,-8
23,-35,-27
60,-42,-5
68,-40,7
19,-34,-21
47,-68,-17
78,-60,-2
64,-39,16
33,-50,-6
39,-44,1
40,-40,-14
47,-46,-16
46,-43,-14
41,-40,-23
40,-44,-12
34,-44,-9
32,-48,-4
39,-51,-4
30,-50,-12
29,-45,-22
45,-49,-21
48,-45,-21
46,-46,-18
38,-43,-9
33,-45,-15
37,-47,-15
30,-50,-9
28,-49,-11
39,-54,-10
42,-53,-5
35,-55,-12
31,-53,-4
31,-55,-9
35,-53,-8
39,-53,-7
34,-55,-8
31,-53,-5
24,-53,-8
31,-51,-6
33,-52,-5
29,-53,-5
30,-55,-2
29,-58,1
30,-60,6
24,-57,4
23,-57,4
22,-57,5
21,-58,5
22,-58,6
23,-58,8
24,-58,9
24,-59,9
22,-57,8
22,-57,8
23,-57,8
24,-58,9
24,-59,9
23,-61,9
21,-60,8
21,-59,8
20,-57,8
19,-57,8
20,-58,7
22,-58,8
21,-59,8
21,-60,8
21,-59,8
20,-59,7
20,-58,7
21,-57,8
23,-57,8
22,-57,8
22,-59,8
22,-60,8
22,-58,8
21,-58,8
21,-56,7
22,-57,7
22,-56,8
23,-60,8
23,-60,8
21,-59,8
20,-57,8
20,-56,7
21,-57,7
22,-57,8
22,-57,8
22,-59,8
22,-61,9
22,-60,9
21,-58,9
21,-58,8
22,-59,8
23,-58,8
22,-59,8
22,-60,8
22,-58,8
21,-58,8
21,-58,8
21,-57,7
22,-58,8
22,-58,8
21,-60,7
20,-59,8
20,-59,8
21,-59,8
21,-58,8
20,-57,7
21,-59,8
21,-59,8
21,-59,8
20,-59,8
20,-58,9
20,-57,7
29,-59,6
19,-58,11
14,-57,11
17,-59,9
20,-60,10
21,-59,10
23,-59,8
22,-59,9
21,-57,7
23,-58,7
23,-57,7
22,-58,9
17,-59,10
19,-59,9
21,-59,10
20,-59,10
19,-58,9
20,-58,8
22,-59,8
21,-58,9
19,-59,8
20,-58,7
21,-58,8
21,-58,9
20,-57,8
21,-58,8
22,-60,9
20,-58,9
20,-60,9
22,-59,9
21,-58,9
20,-57,9
20,-57,8
21,-59,8
22,-59,8
21,-58,8
20,-60,7
20,-59,8
20,-58,8
20,-58,8
20,-58,8
21,-58,9
21,-59,8
20,-59,9
20,-60,9
20,-60,8
21,-58,9
20,-58,9
20,-57,8
20,-58,8
21,-59,8
21,-58,8
21,-59,8
21,-58,8
20,-57,8
20,-56,7
21,-58,7
22,-58,7
21,-59,7
22,-60,7
22,-60,9
20,-59,8
22,-58,9
21,-57,9
21,-57,8
21,-58,8
22,-59,7
22,-59,8
23,-60,9
23,-58,10
21,-58,8
20,-59,8
20,-59,8
20,-58,7
20,-58,7
20,-59,6
20,-58,6
22,-58,7
22,-58,7
22,-59,8
21,-59,8
21,-60,8
22,-59,9
21,-59,9
20,-60,8
21,-60,8
21,-56,9
20,-55,9
20,-55,7
20,-57,7
20,-60,6
21,-58,6
22,-56,8
20,-53,7
16,-57,4
15,-61,3
19,-65,4
25,-64,7
28,-61,9
26,-58,10
23,-57,12
22,-57,12
16,-57,6
24,-60,8
21,-58,5
12,-60,-2
21,-60,-4
25,-63,-4
33,-61,2
13,-58,1
3,-60,-5
19,-55,3
20,-57,-6
25,-62,-4
22,-56,-7
13,-62,-12
13,-63,-7
11,-68,-7
17,-66,-2
14,-70,-5
17,-64,1
13,-67,-10
7,-66,-12
11,-61,-22
20,-57,-18
18,-57,-14
20,-53,-14
13,-52,-15
8,-57,-21
-3,-58,-17
22,-55,-9
23,-55,-15
24,-52,-24
31,-50,-37
29,-49,-50
24,-44,-38
18,-61,-26
-13,-65,-7
-37,-88,-9
9,-70,-8
28,-80,-1
17,-64,-6
27,-53,-19
31,-51,-22
13,-48,-25
3,-54,-23
21,-58,-27
4,-64,-21
14,-61,-12
22,-58,-5
35,-59,-12
50,-55,-4
29,-60,-8
-5,-64,-12
-13,-64,-18
-8,-59,-20
18,-66,1
33,-67,13
-2,-61,-4
49,-64,8
13,-89,-33
95,-66,2
59,-61,-3
38,-68,-11
55,-70,-16
61,-72,-14
57,-68,-16
62,-64,-21
72,-62,-19
69,-56,-21
65,-43,-21
72,-25,-18
73,-17,-16
68,-3,-8
48,12,-5
44,21,2
34,26,16
22,32,11
19,38,15
13,48,20
21,43,21
30,41,25
24,39,14
26,33,30
25,30,32
38,30,26
25,31,27
23,34,26
43,40,25
31,45,26
25,49,27
20,51,26
22,58,29
20,57,25
20,53,23
24,50,22
23,52,24
18,49,27
26,53,31
19,50,29
21,56,31
23,52,32
13,59,22
19,56,25
20,54,28
19,51,28
21,52,29
20,52,28
26,53,29
25,55,27
20,59,22
21,56,29
18,60,27
15,55,23
19,56,23
15,55,15
14,54,13
21,55,19
19,52,17
21,51,20
30,58,26
28,56,24
28,56,25
29,55,26
24,53,22
22,53,20
22,52,18
27,55,22
27,54,26
30,54,29
24,55,21
21,51,20
19,48,19
24,50,22
27,50,24
28,48,27
28,51,31
29,52,30
24,53,26
23,50,25
23,51,25
23,52,25
24,53,24
26,52,24
25,52,25
29,52,27
30,52,26
31,51,26
30,51,26
29,51,24
26,50,25
27,51,26
26,51,26
28,51,26
26,51,26
29,50,28
27,50,27
28,50,28
27,50,26
28,50,27
28,50,27
25,51,26
26,51,26
26,51,27
27,51,26
26,51,26
26,51,27
25,51,26
24,51,27
25,51,27
25,51,26
26,51,26
26,52,27
25,51,26
28,51,28
26,51,28
27,52,26
25,50,25
25,51,25
26,51,27
26,51,26
27,51,26
26,51,26
26,51,27
27,52,26
26,51,25
24,50,27
27,50,27
27,51,26
27,51,26
26,51,25
25,50,26
27,51,26
26,51,26
27,51,27
26,52,26
26,51,26
26,50,27
26,50,26
27,50,25
27,51,27
25,51,26
26,51,27
26,51,27
26,51,27
27,51,27
26,50,27
26,50,26
25,51,27
27,51,26
26,51,26
27,51,27
26,51,27
25,51,27
26,50,27
26,51,26
26,51,27
25,51,27
26,51,26
25,50,26
25,50,27
26,49,28
27,51,27
26,51,27
25,51,27
25,51,27
26,51,26
26,51,27
25,51,27
26,50,27
27,50,27
26,51,26
27,50,27
26,51,26
26,50,26
27,51,27
26,51,27
26,51,27
26,51,26
26,51,26
26,50,26
27,51,26
26,50,26
25,50,26
26,51,27
27,51,27
27,51,27
27,51,26
26,51,26
26,51,27
26,50,27
26,50,26
27,50,27
27,50,27
27,51,27
27,51,27
26,51,25
27,51,26
26,50,27
27,51,26
27,51,26
27,51,26
27,51,26
27,51,26
27,51,26
27,50,26
26,51,25
27,50,26
26,51,27
27,52,26
27,51,26
27,52,26
27,51,26
26,51,26
27,50,26
27,51,26
27,51,26
27,50,26
27,50,27
28,50,27
27,51,26
26,50,26
25,51,26
26,51,26
26,51,27
26,50,28
28,49,32
33,45,44
30,30,46
27,21,32
28,16,29
30,19,6
36,14,7
39,18,8
34,29,1
27,17,-5
42,13,-4
79,18,-4
77,13,-14
73,10,-15
77,4,-18
77,2,-20
76,2,-22
75,-2,-17
72,-5,-16
73,-6,-25
71,-14,-21
70,-13,-20
66,-13,-26
63,-19,-23
65,-15,-17
60,-11,-21
59,-13,-20
61,-12,-19
55,-12,-25
60,-12,-24
61,-11,-24
56,-14,-33
54,-21,-31
54,-23,-32
54,-26,-34
47,-30,-30
43,-38,-30
43,-47,-30
36,-48,-24
29,-51,-22
27,-55,-21
27,-56,-16
27,-54,-14
23,-57,-15
32,-56,-13
30,-58,-13
29,-58,-13
32,-58,-12
32,-57,-13
24,-57,-12
28,-63,-9
29,-63,-7
33,-63,-15
45,-69,-7
62,-64,-17
43,-64,-22
83,-58,10
67,-50,8
62,-46,-15
49,-44,-14
30,-37,-19
57,-41,-9
47,-24,-38
63,-17,-40
77,-15,-33
63,-2,-36
64,2,-28
59,-3,-32
70,-7,-22
58,-2,-25
44,0,-24
42,4,-20
57,5,-17
54,16,-23
53,20,-18
60,25,-17
57,18,-19
56,19,-15
44,16,-11
38,17,-3
40,16,3
35,20,-4
27,22,5
25,27,5
34,34,11
25,28,4
28,31,3
31,36,-1
31,40,-8
34,39,-4
29,40,-10
30,53,-6
27,41,-20
61,48,-4
29,54,-8
22,47,-21
40,61,-29
43,59,-23
54,55,-18
67,53,-23
63,32,-24
57,32,-28
56,31,-30
54,29,-28
57,24,-27
53,17,-26
50,18,-28
57,17,-21
68,18,-16
39,28,-34
32,37,-27
49,38,-13
33,37,-19
39,39,-21
52,43,-27
74,52,-42
79,45,-42
53,27,-38
66,14,-13
69,14,-7
55,16,-10
36,25,-12
41,29,-9
48,25,-9
45,27,-15
70,33,-27
66,21,-3
59,34,-8
69,37,0
54,37,3
52,41,-6
49,44,-6
45,37,-3
34,36,-1
29,25,10
47,27,-5
65,32,-6
60,37,9
51,36,8
49,42,10
31,38,-1
69,30,12
70,24,10
69,19,-9
96,-7,17
106,-9,12
87,-6,5
78,0,-1
87,-1,-4
85,3,-28
57,1,8
25,18,-18
37,-18,32
65,-1,57
58,5,53
45,8,30
6,8,18
3,13,14
16,28,-2
11,26,15
13,28,23
14,30,54
49,15,54
54,2,53
88,-2,30
93,-5,14
86,-16,5
101,-19,-11
76,-17,-31
78,-17,-24
69,-9,-25
45,-28,-37
46,-30,-35
50,-23,-17
43,-19,-21
45,-17,-19
57,-20,-18
54,-26,-9
44,-29,-24
60,-30,-11
62,-38,0
48,-50,7
33,-61,0
53,-57,-1
86,-51,10
40,-32,0
35,-29,3
54,-25,17
30,-23,24
24,-19,25
35,-25,29
40,-22,33
40,-19,32
35,-17,21
50,-17,24
51,-17,22
54,-24,18
77,-39,15
73,-37,18
45,-33,9
57,-36,6
67,-38,6
60,-38,5
46,-35,0
50,-34,3
48,-34,2
47,-37,-5
54,-37,-4
55,-34,1
50,-33,-6
51,-35,-5
49,-32,1
45,-30,6
43,-29,5
44,-26,4
46,-29,5
48,-27,5
47,-27,5
51,-25,6
48,-26,3
54,-24,3
47,-35,6
36,-31,5
35,-32,10
47,-39,23
51,-37,29
69,-32,46
76,-32,47
90,-25,38
104,-13,30
105,-18,30
127,-45,45
57,-58,15
55,-46,4
46,-53,17
11,-42,19
9,-27,19
17,-18,21
11,-8,10
16,-10,17
13,-5,25
19,-11,25
24,-15,29
30,-24,41
47,-30,55
42,-28,52
49,-31,62
51,-28,67
61,-17,61
70,-20,62
72,-17,55
77,-9,44
61,-19,37
54,-18,31
59,-18,38
48,-11,34
48,-5,25
49,-10,20
58,-14,13
54,-13,30
54,-17,51
-16,-24,28
-20,-30,37
24,-16,28
65,3,20
48,-6,17
64,-15,60
-31,24,127
51,51,94
41,48,65
64,41,78
42,26,87
8,28,56
6,33,26
26,59,6
60,70,0
69,62,23
43,50,30
14,19,14
47,-22,29
55,-49,26
45,-67,25
17,-71,15
40,-41,6
73,-9,1
84,-4,23
35,-7,12
89,4,3
59,-8,0
56,-9,-1
68,-3,25
62,0,7
50,-7,-1
65,0,2
58,1,1
83,-3,26
64,-4,8
81,-8,32
61,-7,16
71,-8,15
44,-5,-5
43,-6,-10
74,-4,29
70,-7,17
94,5,22
62,0,16
29,-2,-9
36,-2,-3
62,-26,-3
50,-18,0
34,-21,15
57,-15,26
45,-5,23
69,-3,11
50,23,38
19,32,8
74,29,-5
56,-33,38
32,7,-9
83,96,31
60,3,43
67,-1,23
57,3,16
57,-24,39
52,-47,46
61,-56,46
61,-34,36
49,-31,9
26,-13,13
25,11,-34
127,85,-33
127,82,31
88,61,28
57,47,32
8,-7,55
3,-2,35
30,-6,-2
127,-15,23
61,0,8
5,-9,6
35,-20,44
49,-45,35
49,-41,16
42,-33,-19
90,-23,2
38,-23,-25
85,-19,-39
72,-31,-16
44,-31,-17
93,-23,-2
78,-24,21
0,-58,43
-7,-81,11
74,-126,-19
98,-81,-47
15,-42,-41
35,-59,21
24,-23,16
-15,-40,39
-46,-49,45
-47,-61,50
-36,-64,37
-35,-67,25
-3,-62,31
25,-58,45
44,-58,41
66,-54,59
9,-51,39
6,-10,67
38,-13,65
-62,-50,58
-59,-47,55
-12,-51,40
2,-43,44
-66,-35,11
-43,-50,5
14,-22,-2
10,-35,0
32,-42,6
82,-39,10
71,-39,19
83,-57,24
73,-74,26
58,-89,9
68,-101,33
-12,-58,21
-64,-66,21
79,42,120
84,127,91
40,46,112
15,-8,88
26,-5,63
36,3,52
23,19,13
37,36,22
65,19,46
35,17,-5
-1,-30,-13
22,-70,-9
82,-109,-6
91,-81,9
63,-59,24
22,-50,34
37,-51,16
6,-63,3
35,-47,7
50,-48,-9
49,-48,-4
79,-36,1
58,-39,13
49,-35,1
30,-43,-4
55,-50,19
50,-47,4
58,-55,31
48,-52,-7
68,-47,5
74,-50,29
48,-49,-4
49,-45,11
21,-65,10
6,-52,15
37,-45,12
75,-45,47
14,-39,12
16,-39,20
47,-24,1
3,-42,49
-9,-39,8
62,-25,21
18,-59,26
-5,-79,8
55,35,54
66,6,49
51,-13,41
52,-44,42
34,-13,38
25,4,40
77,-13,50
66,-15,45
34,-7,39
28,7,43
24,-1,45
30,-7,42
67,-6,56
49,-22,53
28,-3,49
46,-2,36
80,-29,45
23,-45,56
18,-21,37
13,-17,32
11,0,54
7,11,57
13,17,61
9,14,55
10,1,52
15,-6,63
32,-18,50
33,-22,42
56,-17,54
38,-10,42
36,-24,59
46,-22,63
29,-21,51
28,-44,54
33,-44,52
13,-43,33
17,-43,28
20,-41,24
57,-33,15
88,-23,8
82,-42,20
56,-43,29
46,-47,29
40,-49,38
-3,-52,25
46,-79,29
37,-70,6
27,-85,5
16,-61,-11
33,-60,-11
35,-85,19
16,-64,9
25,-71,-23
36,-68,-31
5,-80,-47
-16,-80,8
23,-66,12
31,-63,4
15,-70,3
33,-83,-12
29,-48,-28
-19,13,1
21,14,7
21,-18,21
2,2,25
67,-82,25
56,-47,30
24,-40,13
61,-52,25
45,-41,25
26,-51,19
66,-42,35
52,-37,28
35,-37,20
46,-46,19
49,-58,12
35,-69,-10
30,-65,-1
23,-52,-18
52,-49,-25
24,-51,-28
22,-51,-34
56,-54,5
46,-31,-3
27,-41,-8
42,-55,-4
42,-50,-5
36,-69,-3
24,-73,-15
20,-56,-5
11,-51,-10
32,-58,11
42,-49,8
27,-48,12
19,-45,20
5,-56,14
27,-54,21
13,-53,17
-23,-84,-23
-42,-75,-15
-32,-47,-33
7,-111,-23
-23,-100,-37
18,-72,-16
88,-82,12
13,-49,-5
-44,-64,-2
-75,-63,-34
57,-102,-41
37,-63,-14
-10,-62,-3
37,-113,16
30,-112,10
1,-87,-6
-4,-59,-15
18,-46,-17
32,-40,-12
28,-60,-17
43,-25,-14
22,-45,-17
29,-33,18
29,-63,-3
8,-50,17
34,-39,-12
12,-44,-25
36,-41,-37
9,-69,-36
61,-43,-53
43,-46,-78
31,-48,-46
23,-23,-42
0,-44,-38
6,-29,-3
17,11,-22
9,-30,1
61,-92,-2
55,-32,7
71,-22,-15
88,-80,-3
37,-46,-51
33,-54,-21
45,-62,-3
35,-46,7
27,-50,17
44,-41,30
40,-35,-1
45,-40,9
32,-53,26
46,-64,15
43,-57,-6
43,-45,-2
39,-43,-10
31,-43,-8
42,-26,-21
58,-63,-3
69,-69,9
36,-56,-22
22,-51,-11
47,-39,-4
45,-35,-17
42,-42,-6
35,-60,-28
44,-60,-32
67,-71,-30
22,-38,-13
12,-5,-13
2,-9,-2
46,-18,-11
33,-20,-14
45,-18,-1
45,-58,-18
30,-64,-18
23,-55,10
44,-65,13
53,-36,22
43,-36,8
34,-30,8
55,-35,-5
76,-32,14
41,-26,15
25,-45,6
33,-41,8
56,-49,6
61,-51,-11
86,-55,-1
58,-49,-9
51,-40,-5
48,-38,-6
46,-46,-1
48,-22,12
43,-24,9
44,-48,-19
42,-27,-8
38,-39,-13
39,-30,-10
34,-35,-15
39,-38,-22
73,-52,-14
70,-49,-21
62,-46,-9
-29,-25,-49
11,3,-52
58,-25,-31
88,-45,-25
47,-36,-86
92,-73,-23
49,-27,-15
74,-59,-21
61,-68,-21
67,-45,-14
72,-50,-6
40,-52,-1
47,-29,5
32,-49,-3
42,-38,22
-73,-30,-19
-128,-33,-62
57,-49,-62
127,-29,-84
127,-17,-78
47,-8,-93
-12,-87,-50
88,-79,34
41,-19,29
49,-48,-3
70,-43,-4
30,-30,-22
31,-29,4
44,-32,12
41,-55,-9
65,-47,9
55,-37,21
33,-40,11
34,-36,10
29,-37,7
58,-47,5
29,-51,-7
29,-49,-7
50,-41,0
66,-43,-2
67,-32,-2
71,-33,-5
49,-40,-13
45,-30,-12
52,-53,-21
38,-34,-29
36,-32,-29
24,-20,-16
19,2,-21
52,2,-14
59,-9,-25
86,-54,-31
88,-39,-25
49,-29,-46
47,-27,-32
57,-21,-20
61,-32,-22
66,-33,-16
63,-24,-20
44,-38,-27
42,-45,-26
48,-30,-19
48,-35,-15
44,-39,-12
46,-38,-7
47,-44,-1
62,-45,5
67,-55,7
61,-45,12
60,-42,11
45,-30,2
55,-5,0
26,15,-7
-15,9,-14
43,-23,21
47,-28,12
80,-47,14
82,-59,26
93,-54,31
60,-45,12
49,-30,5
55,-34,15
36,-36,-3
54,-39,9
61,-41,14
44,-37,14
54,-44,21
46,-38,25
31,-28,20
35,-24,20
40,-20,22
40,-25,18
40,-33,23
31,-38,14
29,-18,-24
34,-11,-52
54,-7,-39
112,-28,4
58,-7,-57
63,-10,-63
47,-33,-14
54,-55,9
82,-73,47
47,-21,28
29,-44,9
38,-34,9
55,-32,1
52,-34,19
47,-36,21
42,-33,17
41,-40,23
51,-37,23
45,-39,24
50,-37,23
52,-33,15
45,-29,10
61,-30,4
68,-31,9
50,-30,10
49,-32,7
64,-30,14
58,-32,13
58,-27,11
57,-40,0
65,-18,6
39,-23,-11
48,-8,4
44,-13,0
48,-9,-1
60,-12,7
66,-15,-2
65,-21,-1
66,-20,4
69,-31,6
57,-32,3
48,-25,3
49,-23,7
49,-20,2
51,-22,-1
54,-19,-6
61,-14,-3
74,-21,7
63,-20,-1
68,-16,0
74,-27,13
52,-25,6
53,-23,8
54,-20,4
54,-25,0
78,-12,6
63,-13,-7
54,-7,-8
57,-8,-8
65,-8,-2
61,-10,0
53,-12,2
40,-11,-11
65,-23,-2
73,-21,4
58,-22,-8
64,-20,-5
76,-23,3
62,-22,-2
51,-16,-10
62,-11,-6
65,-12,-4
58,-7,-2
59,-7,4
62,-9,0
54,-6,0
51,-7,6
67,-15,9
68,-14,11
56,-14,16
55,-15,27
50,-14,22
45,-21,23
46,-19,28
45,-20,20
45,-18,1
76,-20,-13
101,-19,-12
80,-17,-14
50,-19,-16
54,-20,-17
76,-29,-14
65,-22,-14
60,-16,-17
64,-17,-7
58,-28,-4
53,-33,-4
41,-37,1
36,-47,9
30,-53,8
28,-66,19
27,-53,24
30,-42,29
55,-40,34
56,-18,28
56,-14,23
62,-15,18
46,-13,25
52,-17,25
50,-25,26
60,-32,38
63,-26,43
44,-21,23
56,-29,29
41,-27,28
52,-23,32
49,-22,37
43,-17,36
50,-23,37
45,-19,36
42,-14,37
40,-16,37
36,-18,35
43,-21,41
48,-25,41
41,-18,36
18,-16,25
58,-6,47
31,-1,32
59,-5,31
70,-9,7
77,-36,16
47,-44,4
53,-32,24
54,-40,25
42,-36,27
52,-35,5
47,-7,0
50,-10,7
42,-27,-10
32,-10,-15
66,-47,9
81,-63,-4
52,-65,-8
50,-37,-6
49,-32,-12
48,-23,1
55,-61,-14
43,-15,-14
37,-22,-6
62,-67,-1
40,-11,-16
42,-20,-4
64,-38,3
62,-32,-3
50,-30,-4
45,-43,-3
45,-33,-4
42,-35,-1
55,-42,11
56,-34,4
30,-28,15
71,-46,21
64,-37,16
43,-43,10
55,-36,27
19,-33,30
21,-42,35
19,-33,20
46,-38,26
29,-35,26
52,-37,33
44,-34,38
30,-35,34
41,-36,30
33,-34,30
40,-37,35
34,-32,31
37,-29,32
39,-33,36
36,-37,32
33,-36,32
38,-38,33
38,-35,32
40,-33,34
49,-34,39
36,-35,34
26,-35,34
35,-38,37
34,-36,36
34,-36,36
33,-33,35
36,-33,38
34,-33,38
35,-37,43
39,-37,40
39,-30,41
34,-37,39
36,-25,38
32,-27,41
25,-28,26
40,-35,45
48,-38,56
48,-27,58
31,-23,57
22,-24,46
3,-24,27
13,-37,46
-3,-39,41
6,-45,38
24,-48,28
28,-53,26
21,-52,13
12,-75,10
56,-73,3
36,-70,-1
27,-64,-10
46,-69,-9
52,-64,-16
44,-58,-20
47,-54,-14
50,-54,-24
71,-39,-14
74,-41,-10
54,-48,6
26,-42,-2
35,-67,-9
36,-49,-27
62,-59,14
38,-52,-4
33,-61,-61
64,-48,-3
44,-56,-14
-1,-55,-21
-13,-54,-15
38,-58,-6
30,-48,-12
40,-45,-5
30,-50,1
35,-54,-2
34,-51,-6
15,-62,3
24,-54,-1
25,-51,6
44,-46,11
40,-45,10
34,-47,4
32,-51,8
31,-59,6
22,-66,12
36,-49,21
49,-52,0
48,-51,-20
44,-42,-28
29,-42,-20
19,-51,-19
35,-51,4
31,-58,1
30,-54,-5
43,-49,-6
37,-56,-12
30,-50,-12
18,-58,-7
16,-54,-6
25,-57,-6
41,-63,-20
34,-64,-14
29,-66,-14
38,-62,-17
33,-59,-11
35,-58,-9
50,-74,-8
17,-39,-2
21,-30,-16
22,-26,-23
15,-33,-8
18,-28,-18
42,-44,-7
45,-32,-3
38,-51,-3
93,-72,1
23,-69,-25
45,-64,-14
45,-31,-17
13,-42,-23
45,-37,2
43,-27,-35
48,-30,-38
28,-55,-19
31,-60,-15
50,-53,-16
52,-59,-13
39,-40,-12
42,-40,-15
41,-45,-19
36,-34,-9
32,-41,-7
41,-48,-16
48,-39,-1
32,-50,-5
40,-44,17
49,-40,23
41,-39,20
28,-38,3
46,-41,7
45,-39,7
46,-55,8
44,-53,11
43,-47,12
32,-48,9
28,-45,6
36,-43,6
40,-50,-3
48,-39,-11
51,-41,-10
49,-45,-19
44,-38,-8
44,-43,-30
79,-26,-14
40,-50,-15
25,-45,-22
45,-44,-16
43,-44,-24
40,-43,-25
53,-45,-15
37,-44,-24
35,-43,-26
53,-40,-18
37,-45,-18
34,-39,-23
36,-44,-19
38,-38,-25
43,-39,-27
41,-36,-31
40,-38,-27
31,-36,-35
42,-40,-27
42,-40,-25
34,-40,-31
37,-44,-27
35,-44,-25
31,-47,-19
27,-48,-17
36,-46,-14
26,-48,-27
33,-47,-25
41,-43,-21
38,-39,-30
46,-37,-27
45,-41,-22
34,-36,-31
36,-45,-31
32,-46,-28
29,-47,-17
-12,-57,-10
3,-59,-2
12,-59,5
3,-96,-40
19,-94,-38
21,-82,-42
30,-82,12
9,-75,13
1,-69,1
-1,-64,-1
-5,-62,-18
8,-68,-35
10,-58,-31
14,-58,-29
36,-45,-21
21,-48,-23
15,-41,-14
-22,-49,17
32,-50,42
63,-61,17
61,-78,-48
33,-73,1
20,-93,5
-14,-85,-11
-20,-74,-6
-12,-75,3
-20,-66,-1
-4,-65,-20
11,-63,-20
42,-49,-5
43,-60,-13
1,-52,-19
-13,-58,-9
20,-61,-9
17,-59,-12
-2,-49,0
-4,-47,13
7,-76,-19
30,-78,-28
41,-72,12
52,-68,18
51,-65,-6
46,-70,1
34,-54,9
11,-46,-20
19,-52,-12
32,-45,-12
21,-52,-13
30,-56,-7
27,-51,-13
27,-59,-12
24,-58,-5
10,-59,-19
28,-61,-6
25,-59,-6
30,-59,-15
33,-59,-5
25,-56,-12
27,-60,-15
43,-57,2
33,-55,-4
23,-56,-10
26,-48,-14
34,-52,-16
38,-52,-14
42,-49,-17
55,-51,-10
52,-57,-8
32,-55,9
27,-56,6
28,-54,9
55,-47,9
64,-45,7
64,-40,0
59,-40,-3
53,-36,-1
48,-27,-2
52,-25,0
53,-22,3
68,-18,7
77,-19,16
74,-17,19
74,-16,17
78,-14,20
74,-10,18
59,-8,9
48,-8,2
15,-5,-14
15,6,-27
40,10,-22
45,4,-37
42,14,-29
39,15,-23
44,32,-18
41,61,-34
48,77,-35
81,64,-21
61,46,-34
63,31,-28
75,6,5
65,-7,19
54,-7,18
21,-11,23
33,-17,11
50,-21,26
79,-33,43
37,-6,23
45,-6,24
36,6,27
38,14,15
41,10,6
70,-1,31
65,-23,37
77,-8,16
77,0,-20
122,-1,-10
86,-9,-39
42,15,-7
83,-1,-12
87,4,-12
-12,4,48
16,-17,23
60,21,-13
82,-19,-13
75,-25,-7
64,-22,-14
59,-30,-9
65,-20,-8
63,-24,-6
58,-19,-18
70,-14,-25
70,-11,-25
62,-7,-26
58,-7,-26
61,-7,-26
69,-4,-26
64,-4,-20
61,-5,-16
59,-8,-19
58,-8,-20
61,-8,-15
59,-12,-14
57,-19,-16
57,-21,-13
67,-20,-9
65,-23,-9
60,-25,-10
58,-28,-6
57,-27,-6
57,-28,-8
56,-30,-7
55,-28,-7
56,-30,-10
56,-28,-9
55,-28,-8
54,-30,-10
55,-30,-9
54,-31,-9
53,-32,-9
52,-34,-8
51,-34,-7
50,-33,-7
53,-34,-8
54,-34,-9
51,-33,-9
52,-34,-8
52,-34,-8
52,-33,-7
51,-36,-8
51,-37,-8
50,-37,-6
49,-37,-6
49,-36,-7
49,-37,-7
49,-38,-6
49,-38,-6
49,-38,-6
49,-41,-3
48,-40,-1
46,-39,2
45,-39,3
45,-39,4
44,-40,7
42,-40,9
42,-39,10
38,-41,9
38,-42,9
37,-41,9
33,-42,8
33,-43,12
33,-44,13
30,-48,15
34,-48,21
35,-47,22
35,-49,20
39,-49,20
50,-50,20
50,-44,17
48,-41,15
46,-58,11
49,-73,10
44,-71,5
29,-67,-1
21,-70,-5
19,-69,-6
21,-53,-3
28,-38,5
29,-41,6
26,-50,0
27,-57,0
27,-61,0
21,-66,-5
14,-72,-7
12,-72,-5
14,-64,4
22,-64,10
31,-66,14
34,-67,6
66,-84,-19
74,-86,-12
64,-46,-17
57,-45,-15
56,-35,-7
47,-23,-15
43,-34,-11
39,-19,-14
52,-23,-23
39,-2,-17
34,-6,-23
46,-9,-17
42,-1,-14
60,-11,-15
45,1,-17
65,1,-25
72,9,-34
58,14,-52
53,8,-31
47,4,-34
64,-2,-34
50,-13,-26
43,-11,-34
52,-8,-33
46,-11,-27
52,-13,-26
60,-7,-22
56,-5,-23
59,-9,-20
69,-11,-27
76,-12,-26
64,-15,-13
54,-18,-1
54,-20,2
55,-24,-1
49,-24,-10
52,-24,-11
60,-24,-6
57,-21,-2
53,-22,1
55,-17,2
62,-15,0
61,-13,-1
58,-12,-2
61,-8,-2
65,-9,-1
66,-10,-1
63,-10,0
62,-10,-1
56,-8,-3
53,-8,-7
53,-8,-10
53,-6,-14
52,-9,-14
50,-9,-15
49,-8,-17
52,-9,-18
54,-9,-21
56,-10,-25
58,-13,-32
59,-14,-36
60,-17,-43
60,-19,-50
59,-20,-50
54,-21,-48
50,-19,-43
49,-15,-42
46,-9,-42
50,-9,-41
51,-9,-37
50,-9,-35
55,-10,-38
54,-10,-34
50,-5,-31
49,-1,-35
52,-1,-33
51,-1,-26
48,-6,-27
52,-10,-25
62,-11,-22
63,-19,-36
71,-28,-26
64,-21,-14
61,-15,-18
81,-15,-15
57,2,-25
48,2,-23
62,-10,-16
64,-2,-29
60,2,-33
53,-6,-33
56,-16,-35
60,-18,-30
92,-41,9
13,-25,-59
20,6,-58
89,-32,-13
74,9,-13
64,9,-12
65,6,-9
62,6,-9
59,2,-11
57,4,-12
50,3,-17
52,5,-16
58,5,-17
60,3,-16
61,2,-14
65,-3,-9
69,-12,-10
67,-14,-17
63,-17,-16
64,-21,-10
62,-22,-11
63,-21,-18
63,-25,-19
58,-27,-19
52,-25,-13
57,-16,-8
60,-17,-7
50,-13,-9
52,-10,-12
55,-11,-14
59,-12,-17
60,-13,-22
59,-14,-21
56,-13,-17
47,-10,-19
48,-10,-19
49,-10,-22
50,-12,-23
54,-12,-24
64,-11,-27
67,-20,-31
63,-24,-33
53,-25,-32
52,-23,-32
52,-22,-28
50,-22,-27
51,-20,-25
56,-18,-25
57,-18,-25
55,-18,-27
52,-17,-27
58,-16,-23
58,-15,-23
60,-12,-20
58,-11,-20
59,-11,-19
61,-11,-17
60,-11,-21
60,-11,-21
61,-10,-21
60,-9,-22
59,-9,-22
57,-9,-21
59,-6,-19
60,-7,-18
57,-6,-15
57,-4,-17
57,-4,-15
58,-2,-15
56,-1,-15
57,-2,-14
57,-4,-15
58,-4,-16
60,-4,-16
62,-5,-15
60,-5,-16
61,-6,-15
59,-5,-16
59,-4,-16
59,-5,-17
59,-4,-18
57,-4,-21
58,-3,-20
58,-5,-18
55,-11,-14
54,-11,-16
58,-12,-12
57,-8,-21
57,-7,-20
62,-10,-16
57,-9,-25
58,-11,-24
64,-11,-18
64,-14,-15
64,-19,-18
67,-25,-18
65,-26,-13
57,-25,-9
62,-24,-10
61,-24,-13
57,-28,-17
55,-26,-16
56,-22,-13
56,-19,-9
51,-15,-10
50,-14,-13
57,-13,-9
56,-10,-11
57,-12,-11
60,-10,-9
64,-11,-7
63,-11,-11
72,-4,-21
71,3,-22
68,0,-16
68,0,-24
70,-6,-27
71,-7,-15
70,-4,-15
64,2,-26
66,4,-18
50,3,-8
23,-6,-16
19,-7,-10
46,-9,-11
74,-12,-1
69,-4,-5
64,-5,-11
74,-7,-16
72,-7,-22
72,-4,-17
69,1,-16
64,-1,-25
69,3,-32
57,11,-18
50,2,-30
55,8,-33
48,8,-23
52,10,-28
50,11,-24
47,16,-23
48,19,-23
43,21,-21
44,23,-25
48,26,-29
47,29,-26
48,28,-23
52,22,-31
48,22,-29
42,15,-39
41,12,-39
28,14,-43
28,21,-46
36,21,-43
37,23,-41
41,24,-36
44,24,-31
45,16,-38
43,14,-51
54,11,-43
60,3,-30
60,0,-31
54,1,-53
57,2,-58
52,-1,-59
64,0,-44
63,-5,-41
67,-3,-37
63,2,-25
54,11,-38
52,20,-25
45,23,-16
43,40,-14
48,38,2
49,40,-18
37,39,7
29,40,10
47,31,33
28,13,20
32,2,15
92,-6,18
81,-1,13
66,5,5
68,0,5
70,21,14
69,28,18
54,31,12
47,41,4
46,51,-13
108,73,-5
59,42,-22
13,44,-43
72,60,-28
67,51,-34
31,45,-42
47,39,-21
59,34,-33
56,40,-33
44,24,-3
15,25,-9
20,18,-20
42,-11,10
45,-1,-18
78,30,-41
74,25,-21
38,43,-10
35,39,-12
46,43,-1
41,37,5
42,37,6
46,22,21
39,11,15
36,14,15
16,45,5
11,44,2
30,40,-2
30,55,-27
31,49,-17
69,43,0
89,62,8
64,58,-24
30,77,-39
79,48,-12
78,49,-26
26,65,-61
6,69,-36
21,63,-12
58,40,16
36,29,26
34,21,31
37,0,43
19,-16,56
14,-22,56
12,-30,62
10,-29,61
20,-29,67
19,-19,73
27,2,76
-2,3,72
-20,-6,60
2,-4,51
27,0,47
18,-8,60
6,-6,63
10,1,58
18,7,61
10,-3,65
10,3,61
20,6,62
12,1,58
13,4,58
18,6,61
14,4,59
21,10,58
18,9,60
19,7,59
22,13,58
20,16,57
23,13,55
22,13,57
23,23,57
24,22,58
25,20,55
21,23,53
15,19,52
28,23,51
27,17,59
24,19,47
35,19,55
21,22,51
27,19,53
34,24,49
22,20,55
33,26,44
27,20,53
34,28,46
34,26,47
20,22,50
42,25,46
36,25,47
25,26,49
33,26,43
38,27,40
55,17,44
18,26,57
2,21,52
43,28,51
42,20,59
45,22,71
33,25,46
35,14,40
49,6,43
29,-5,30
53,-20,10
53,-14,12
33,-5,10
31,1,72
29,17,64
22,22,-13
127,6,1
111,30,-1
72,22,8
78,3,35
72,2,32
58,-20,39
84,-51,50
76,-53,47
105,-43,56
109,-5,20
127,29,43
114,87,33
96,104,15
-10,66,-7
-30,-27,3
-37,-128,-19
6,-87,-40
-12,-105,-85
14,-46,-67
106,14,-54
85,16,-69
105,38,-66
127,70,-25
116,74,8
100,66,1
59,56,-24
43,49,15
21,23,0
10,44,-12
106,43,17
81,42,11
59,44,-36
109,20,-8
86,27,-7
62,48,-2
42,48,0
35,52,-2
49,60,-24
39,47,-13
47,47,-12
50,39,-20
45,26,-3
51,33,4
33,27,-13
26,25,5
25,32,2
18,27,-11
37,35,7
32,35,4
25,38,-3
33,43,5
34,41,1
41,42,9
36,44,8
40,39,6
53,45,19
51,41,17
54,39,16
54,41,20
49,39,13
50,38,11
47,37,19
44,36,19
47,39,17
42,39,14
42,39,5
40,39,5
41,40,5
47,43,5
43,45,3
45,48,2
45,46,1
44,44,4
41,46,3
43,45,9
53,46,16
50,43,10
50,39,18
48,40,24
41,37,18
39,38,22
42,39,19
41,40,12
42,41,12
43,41,14
45,43,7
44,44,7
44,44,10
42,42,6
43,43,6
46,44,10
44,42,8
45,42,8
46,43,9
46,42,8
47,44,10
45,45,9
45,43,9
46,43,11
46,40,11
46,38,17
45,39,19
46,40,21
46,41,21
47,40,22
47,41,18
49,37,17
49,38,18
46,37,20
45,38,17
44,38,17
44,38,18
45,39,15
46,39,16
48,39,18
46,40,14
48,39,15
49,40,16
48,40,18
46,40,19
46,40,22
44,39,22
42,39,23
41,38,21
41,38,20
42,38,22
43,38,22
45,37,24
45,35,26
45,36,23
45,35,24
46,35,25
44,34,27
44,35,26
43,36,25
44,36,26
44,35,27
43,35,25
45,36,25
45,36,26
45,36,26
46,36,29
44,37,27
45,36,28
43,35,29
42,36,29
40,37,28
42,37,28
42,37,27
41,38,26
42,38,26
43,38,27
42,37,26
41,37,27
41,37,27
41,37,26
42,37,26
42,37,26
45,37,26
44,36,27
42,36,26
43,36,27
43,36,26
43,36,26
42,35,25
46,34,26
46,32,25
43,33,28
39,32,24
40,31,24
34,29,24
29,30,19
10,24,-4
31,25,-8
30,20,-6
51,31,20
76,36,36
86,39,40
95,39,37
97,41,26
77,34,21
55,25,20
79,25,19
78,19,24
42,12,17
48,13,19
51,16,16
48,21,6
53,20,7
52,19,7
58,22,11
53,26,5
52,27,2
55,29,6
52,31,6
53,32,8
51,34,8
51,34,14
48,32,15
43,30,12
44,18,21
42,13,25
22,5,13
4,3,-26
19,7,-38
44,8,-27
39,13,-36
41,9,-36
72,2,-37
70,13,-45
50,18,-43
57,44,-46
94,55,-36
89,51,-38
100,50,-37
79,12,-31
66,-6,-26
93,-4,6
57,-7,-11
40,-15,-8
43,-27,7
39,-38,16
65,-27,29
57,-15,18
66,0,21
60,8,11
43,-14,18
43,-23,32
53,-17,36
45,-20,24
42,-20,25
44,-26,28
52,-25,17
93,-30,27
51,-16,19
31,-21,16
60,-22,25
42,-20,19
34,-41,18
53,-41,12
49,-34,17
43,-42,26
30,-46,24
40,-47,29
37,-47,31
21,-53,24
24,-59,19
43,-55,25
51,-57,31
66,-51,23
51,-51,14
48,-62,-1
69,-70,21
28,-55,-21
78,-46,-15
97,-25,-6
57,-17,-5
54,-4,-4
50,4,0
55,-6,-5
58,-17,8
4,-34,16
62,-12,-36
127,-15,21
49,7,-4
10,36,-12
39,29,-7
69,37,16
41,34,0
34,29,-5
49,15,0
54,17,0
40,17,-8
51,14,7
57,27,-4
71,23,4
96,23,9
59,48,10
23,58,13
60,72,22
51,70,17
37,60,16
37,56,22
43,54,20
35,51,19
28,58,4
34,58,0
40,49,5
28,51,-2
26,48,-10
36,44,-15
46,35,-8
48,39,-7
39,34,-7
33,40,0
44,35,1
56,47,15
47,41,18
48,47,20
43,45,20
27,47,22
26,47,21
32,51,16
30,55,20
24,56,18
22,57,16
27,52,27
23,54,25
13,52,18
18,53,23
20,53,22
20,53,20
25,54,27
24,52,27
27,51,32
26,53,28
23,55,27
33,51,28
30,49,29
28,49,34
26,49,36
33,56,31
27,53,27
6,55,22
17,49,23
15,47,19
11,48,19
24,45,25
28,48,29
26,51,38
25,52,40
14,57,42
13,57,42
11,58,38
11,58,36
16,59,32
11,56,30
9,60,24
15,54,25
13,55,22
14,52,17
15,52,17
14,54,17
10,57,17
19,56,23
21,58,25
18,51,28
17,59,23
20,56,22
28,54,27
25,57,24
26,55,24
24,59,23
25,55,22
35,56,28
32,55,28
18,52,23
21,50,23
26,45,31
26,44,27
27,44,25
34,41,36
35,47,33
32,49,29
34,48,26
41,54,24
40,54,22
37,50,22
36,49,21
34,52,21
33,57,25
28,62,23
25,63,20
26,63,23
28,58,22
31,53,21
37,50,32
31,44,32
29,43,33
26,37,40
26,36,41
19,34,39
17,34,43
30,44,27
46,47,37
33,41,37
50,49,38
58,60,34
72,68,31
89,63,21
79,57,11
26,9,53
39,17,2
50,24,-12
32,27,6
28,16,38
-93,-23,57
-102,20,61
-76,18,71
36,13,55
35,13,37
35,21,28
-21,34,7
-113,27,-3
-91,40,4
-84,46,-21
-52,64,-35
-17,72,-27
-23,85,-1
-47,79,-45
-22,73,-39
19,66,24
46,40,55
76,32,74
103,21,74
74,5,73
66,2,71
22,-13,6
62,-1,-33
74,-19,-9
-128,-91,-116
-128,-128,-3
-128,-103,10
-57,-53,85
-46,8,-19
127,57,-128
107,59,73
-59,-59,41
-128,-128,57
-128,-12,-4
-73,-12,37
28,-1,-60
127,18,28
-21,8,73
-128,-128,56
-128,-18,4
-51,-28,34
4,-13,37
127,27,-72
127,46,-10
-28,-11,65
-128,-101,5
-128,-39,-4
-86,-27,65
127,9,-64
127,29,-43
-8,58,-27
-128,-128,100
-128,-59,-12
-79,-36,42
36,-16,-22
127,36,-64
13,48,-19
-45,-65,127
-128,-128,95
-128,-45,25
-45,-15,29
65,0,-54
127,48,-10
-47,19,62
-25,-128,127
-128,-32,-37
-38,-40,64
-14,-18,-3
127,38,-23
-66,6,-19
-89,-26,-27
-128,-94,77
-44,-54,79
-38,-10,49
110,21,-51
85,42,57
-17,29,1
-118,-128,122
-128,-50,15
-96,-58,66
-21,-19,-7
127,41,-11
87,64,-4
-66,11,37
-128,-104,41
-128,-43,-29
-38,-49,40
42,18,-3
127,55,-26
53,28,10
-105,-17,-12
-128,-128,90
-128,-52,-3
-87,-56,47
23,10,20
127,60,-25
-8,32,3
-59,15,1
-128,-102,55
-128,-43,11
-38,-23,33
83,29,32
106,56,-29
43,27,15
-56,1,-1
-128,-128,93
-128,-58,8
-14,-3,29
34,26,30
127,46,-9
4,41,10
0,21,2
-128,-123,10
-114,-59,52
-48,-25,39
32,2,9
127,36,-22
29,41,26
-58,1,13
-128,-70,16
-128,-40,0
-75,-7,19
71,8,-9
127,52,-47
50,32,52
-26,-19,13
-128,-17,-20
-128,-42,20
-52,-49,60
-3,-21,63
10,-16,45
-56,20,-28
-55,22,-32
-9,28,-32
-6,62,-38
13,61,-5
-1,72,26
0,71,31
0,74,27
45,74,38
83,54,64
63,42,63
71,44,80
13,12,89
31,25,80
30,44,41
-24,54,36
6,51,30
6,55,56
-19,42,56
-19,59,27
-32,37,59
-15,10,66
-52,33,-6
-64,-23,39
-75,-41,55
-128,17,-4
-7,-22,24
14,-7,37
-48,23,66
-34,-15,26
3,-7,1
35,9,-2
39,22,-19
37,23,-7
1,10,4
46,8,-5
103,4,17
59,9,30
82,3,6
78,-11,3
123,-5,6
127,13,-1
127,27,-1
127,55,-7
124,83,0
105,68,3
48,60,-19
13,48,-10
17,36,1
-9,36,-23
40,25,28
43,5,63
-128,14,-18
-114,26,39
-22,1,75
99,28,-11
25,24,60
-96,-7,16
-128,34,43
-49,13,88
-9,8,49
127,74,9
28,-6,63
-75,-11,32
-128,29,-23
-9,-17,114
-3,5,72
127,45,-44
33,-9,54
-58,8,56
-128,4,-27
-128,-7,-3
12,13,103
18,10,-4
65,36,-40
29,26,63
-128,-15,51
-128,18,9
-53,6,65
56,16,39
61,45,4
12,33,50
-99,13,59
-128,-4,24
-87,-4,52
30,18,47
56,45,-28
43,33,32
32,37,52
-73,24,74
-128,-5,12
19,6,87
45,25,47
69,35,-55
111,6,31
22,-3,67
-128,-78,-38
-128,-24,-10
-91,-57,71
-25,4,24
127,54,-72
124,12,5
-48,-1,25
-128,-89,-30
-128,-41,-29
-28,-21,56
7,1,-7
127,38,-83
37,16,43
-99,-56,44
-128,-93,29
-128,-42,18
-38,-16,34
20,-8,-1
127,17,-10
-34,12,44
-50,-32,41
-128,-26,-58
-48,-49,93
-41,-4,54
35,9,-30
120,24,8
19,30,46
-79,-41,33
-128,-31,4
-128,-45,23
-30,-10,36
113,33,-37
127,34,2
-2,12,44
-32,-21,38
-128,-52,-34
-83,-53,74
-20,-29,73
78,6,-20
93,47,4
14,37,11
-112,-39,44
-128,-50,34
-128,-48,43
3,13,36
36,22,-26
91,48,-59
35,8,38
-113,-73,74
-128,-76,-22
-128,-43,20
-16,-21,24
48,8,3
127,43,24
-27,5,60
-43,-42,53
-128,-52,-3
-128,-50,47
-62,-40,59
23,3,22
127,48,-6
63,39,18
-54,-3,9
-128,-84,26
-128,-46,-3
-34,-17,40
36,14,5
127,41,-37
58,23,38
-44,-22,17
-128,-55,1
-128,-54,14
-40,-21,57
-20,7,34
122,39,-36
90,11,26
13,-3,29
-128,-128,12
-128,-51,6
-122,-47,12
-39,-13,31
28,0,22
102,17,1
49,32,17
29,35,35
-27,-55,65
-128,-61,-20
-128,-32,-22
-6,-29,65
-8,19,-22
120,59,-81
76,11,54
-43,-3,21
-128,-128,80
-128,-49,10
-47,-6,44
-29,8,36
127,33,-54
95,0,82
-9,-15,60
-128,-85,53
-128,-46,26
-89,-38,47
-9,-1,26
127,23,-62
127,19,13
-34,-5,43
-128,-96,45
-128,-48,64
-68,-22,57
-13,15,32
30,19,-23
127,13,14
-60,-2,35
-128,-57,52
-128,-46,57
-54,-6,41
-23,-21,43
-18,-17,31
-32,14,-18
-8,26,-17
26,42,7
19,35,3
28,39,11
27,32,42
2,27,13
41,24,15
65,12,19
56,15,12
88,14,34
89,-3,45
92,4,48
91,5,44
82,7,41
70,17,16
64,16,2
71,23,-10
90,35,-1
73,33,6
44,18,12
36,15,11
41,12,16
39,11,2
36,12,0
35,29,-10
47,30,-6
38,37,-21
42,52,-47
60,70,-96
78,75,-103
68,83,-68
64,69,-66
71,64,-51
57,55,-24
27,34,10
10,28,13
17,34,34
22,26,44
21,33,39
4,25,55
37,70,40
48,85,14
80,76,8
30,11,66
24,-5,13
35,1,-22
15,-10,7
7,-36,37
-54,-49,14
-128,-11,-9
-128,-9,-7
-114,-2,-49
-48,21,-41
-19,39,-22
-37,90,28
-92,57,-38
-53,62,-27
-34,90,-38
-7,84,-16
10,84,-5
18,80,4
13,46,44
21,19,64
46,41,65
38,23,63
21,12,86
52,36,70
25,37,39
72,39,36
67,45,43
32,17,21
45,28,14
19,5,6
-1,-2,-19
-32,-16,18
-52,-32,-31
-112,-20,-22
-128,-61,30
-84,-17,10
-5,-43,55
-19,-25,79
-57,7,27
-2,1,68
10,5,75
-27,6,17
-29,26,7
-76,34,-67
-32,68,-81
9,76,-64
1,85,-30
-62,79,-29
-55,79,-42
-8,74,-42
9,69,-6
-19,57,1
-14,44,25
25,37,59
19,33,52
31,17,67
32,12,60
7,4,81
47,2,92
-10,8,53
-13,9,25
22,5,-22
32,-9,1
32,-36,6
-128,-77,-49
-128,-100,16
-128,-53,17
-30,-34,38
7,24,-29
127,60,-120
53,48,61
-57,-66,47
-128,-128,31
-128,-28,-8
-62,-11,64
-16,-6,-16
127,31,-16
-51,30,15
-49,-42,62
-128,-50,-17
-128,-34,-28
-67,-21,41
15,6,-46
127,60,-16
39,41,100
-79,-33,-17
-128,-99,-8
-128,-74,10
-73,-19,25
-25,-3,18
127,44,-54
31,61,0
-17,29,43
-128,-125,14
-128,-46,22
-91,-49,57
-2,11,21
127,58,-40
105,44,-33
-36,6,-16
-128,-128,50
-128,-52,6
-82,-28,21
28,8,-3
127,51,-56
42,62,9
-98,-24,51
-128,-100,48
-128,-25,9
-7,-8,43
42,9,22
120,54,-70
-18,21,7
-68,-7,65
-128,-20,-6
-78,-18,39
-15,-3,47
23,19,-17
96,42,-12
2,27,27
-128,-64,90
-128,-3,17
-84,-20,39
18,-12,41
-29,13,17
-48,6,2
-43,21,-3
-36,45,4
-38,51,15
-59,47,26
-52,81,-8
-43,85,5
23,76,50
7,58,71
-12,49,59
-46,39,84
-80,29,50
-79,45,31
-16,53,43
-17,40,37
4,8,44
-15,0,-17
-50,-13,15
-128,-71,26
-128,-39,-38
-104,-60,4
15,-67,-11
-29,-1,14
19,-5,14
14,13,19
11,39,4
24,43,25
32,39,54
24,31,34
42,32,40
43,23,33
66,25,47
62,18,46
37,18,32
60,24,32
55,17,25
50,18,32
33,15,32
41,13,26
90,15,42
67,-3,49
65,-5,44
126,1,66
93,18,33
111,22,44
88,38,24
55,40,22
38,46,15
23,38,28
1,43,38
-6,41,41
-20,43,54
14,49,47
17,49,41
59,34,50
32,31,-4
35,33,-17
15,-18,14
27,-28,-54
-21,-30,-49
-122,-101,-17
-128,-82,15
-128,-55,-33
-3,-29,36
23,-26,84
-66,-3,32
-11,-11,74
-5,6,69
-27,5,58
-4,36,11
-9,39,28
-41,40,15
-64,43,-11
-52,44,-42
-16,58,-38
11,68,49
-9,56,27
-40,61,-39
-24,61,-38
-26,65,-34
-28,69,-20
-22,72,-2
-23,67,-5
13,39,34
16,28,46
28,20,67
24,12,82
21,0,75
17,-2,61
0,-7,39
-68,-1,5
-41,2,15
12,-10,1
-53,-35,-22
-128,-62,14
-128,-68,10
-65,-36,58
-31,-32,62
-2,8,-57
127,32,29
22,47,58
-128,-115,57
-128,-40,11
-128,-40,-1
-26,-12,40
127,54,-34
114,61,-4
-79,6,-32
-128,-99,57
-128,-66,44
-95,-48,30
8,-2,30
66,25,5
50,63,-35
-44,26,-41
-88,-8,14
-128,-75,60
-122,-48,23
-38,-42,30
56,12,30
-79,15,-14
-123,5,-57
-46,20,-47
-21,36,-18
-39,39,12
-65,46,3
-53,47,1
-24,67,2
19,82,17
49,87,43
31,65,61
24,47,72
15,31,103
-16,12,89
13,57,71
-11,45,55
-10,53,44
-26,38,53
-28,33,49
-21,34,34
-20,41,34
-18,27,47
-26,24,24
-56,3,22
-83,-16,29
-128,-23,5
-70,12,33
-62,-1,38
1,-1,40
-42,-12,34
-58,10,25
6,5,36
6,15,34
8,11,30
12,28,47
25,21,45
26,33,41
36,34,48
47,39,55
57,39,61
38,32,53
37,29,48
36,28,45
31,25,43
12,19,41
8,16,30
30,21,31
40,24,30
43,26,30
54,27,37
45,21,45
35,21,44
53,19,43
51,22,20
56,27,21
35,18,28
40,18,27
71,20,32
64,15,20
79,16,24
113,15,41
78,16,32
86,29,34
73,35,27
79,40,29
64,44,19
28,47,10
21,47,24
18,50,27
13,59,25
4,47,44
26,49,47
25,46,34
22,15,22
53,17,12
40,9,-3
10,-20,-38
-17,-30,-48
-77,-49,-29
-128,-87,21
-128,-109,53
-62,-56,28
-10,-42,71
-58,-5,37
-57,-9,-26
29,31,18
35,33,39
-4,14,37
-30,18,12
-17,22,11
-19,46,-4
-35,71,-10
-29,60,6
-37,43,21
-24,57,11
-28,68,11
-41,53,9
-32,56,8
-28,62,4
-34,55,-16
-20,61,-33
-7,61,-32
-2,57,-41
1,55,-44
5,53,-40
11,44,-31
41,32,-39
79,28,-35
127,26,-30
99,28,-4
85,10,-12
54,1,1
55,-5,7
78,-1,16
78,-2,18
72,-4,14
52,-2,1
56,-1,2
61,-2,2
56,-6,1
56,-9,2
60,-11,4
62,-9,2
63,-13,2
62,-16,2
57,-22,4
60,-23,3
57,-23,3
60,-23,4
53,-27,1
50,-27,3
56,-29,-1
69,-36,-7
67,-31,-8
55,-35,-13
49,-32,-13
49,-28,-10
47,-31,-11
51,-28,-9
53,-28,-9
53,-31,-11
55,-29,-12
51,-31,-13
50,-35,-12
57,-36,-9
56,-35,-7
42,-35,-3
33,-41,-9
41,-50,-2
37,-56,-9
40,-55,-4
39,-54,-7
38,-53,-11
34,-44,-15
32,-39,-16
30,-48,-17
38,-52,-10
39,-50,-14
31,-60,-1
-1,-68,-8
25,-67,-11
46,-62,-2
13,-67,-21
7,-61,-18
8,-58,-12
8,-57,-14
21,-56,-15
29,-54,-21
64,-56,-49
90,-59,-20
18,-47,5
-32,-31,-8
0,-37,2
47,-66,-20
41,-76,-31
19,-83,-17
26,-105,14
30,-94,18
18,-96,-10
82,-87,17
80,-82,19
25,-76,35
-2,-50,53
7,-32,53
8,-4,33
35,11,3
53,17,-2
44,40,-6
59,36,-26
76,32,-20
67,24,-22
66,12,-17
63,13,-15
43,14,-25
47,22,-15
42,24,-7
39,36,-3
37,42,-2
35,44,-3
38,50,-9
36,48,-9
35,49,-13
40,53,-10
34,51,-5
29,56,-12
31,53,-10
32,54,-7
35,54,-8
33,54,-10
34,54,-7
33,54,-7
29,54,-12
33,53,-6
33,54,-6
32,55,-9
32,53,-6
32,52,-5
32,54,-9
34,53,-7
33,54,-9
35,53,-9
34,54,-8
33,53,-7
34,52,-8
34,53,-8
33,53,-10
33,53,-8
32,53,-8
33,54,-8
31,54,-9
32,54,-7
33,55,-9
33,54,-8
32,54,-7
32,53,-8
31,53,-7
30,53,-8
32,54,-9
34,55,-9
34,54,-7
34,55,-10
32,54,-10
32,54,-10
33,53,-9
33,52,-10
35,52,-9
34,52,-8
32,53,-11
32,53,-10
33,53,-9
33,54,-11
33,54,-12
34,53,-10
33,53,-10
33,53,-11
32,53,-11
33,53,-11
32,53,-11
32,53,-11
33,53,-12
33,54,-12
33,53,-11
32,54,-11
32,54,-12
33,53,-11
33,53,-11
32,53,-11
33,53,-11
32,52,-11
32,52,-12
33,53,-10
30,52,-10
30,53,-12
32,52,-10
32,52,-11
31,52,-10
33,54,-13
33,54,-13
33,54,-11
31,54,-13
30,55,-14
30,54,-15
30,54,-15
31,54,-17
31,53,-17
32,53,-16
32,52,-16
31,52,-16
30,54,-15
33,53,-18
37,56,-8
26,50,-13
30,55,-19
28,58,-15
20,59,-13
24,63,-10
29,59,-8
24,54,-16
27,53,-17
40,52,-11
42,42,-6
40,41,-7
46,41,0
39,42,-6
37,46,-12
47,45,-5
50,47,-7
49,46,-6
50,42,-5
51,41,-3
49,42,-6
44,43,-8
44,43,-8
43,44,-10
39,44,-11
47,41,-6
46,43,-8
42,44,-14
43,46,-16
43,46,-16
42,49,-19
43,50,-17
43,45,-15
39,42,-15
43,49,-19
43,49,-21
40,50,-24
42,49,-22
43,48,-22
41,54,-19
34,52,-19
34,57,-19
33,58,-19
35,59,-18
35,53,-16
31,57,-19
30,55,-18
29,51,-14
23,53,-15
21,51,-12
26,57,-7
17,56,-11
15,60,-12
20,63,-9
18,60,-9
13,59,-9
15,58,-8
15,53,-6
14,55,-6
15,54,-4
14,58,-4
14,57,-4
15,63,-2
14,63,-4
15,63,-4
15,64,-2
15,62,-2
14,65,-4
13,63,-3
14,64,-3
13,64,-4
12,62,-6
11,62,-4
12,60,-2
12,62,-4
12,61,-3
13,61,-2
11,63,-4
14,65,-3
15,64,-3
13,63,-3
15,63,-2
15,62,-1
13,62,-1
13,63,-1
13,62,0
14,62,0
12,63,-2
13,63,-1
15,61,0
12,63,-2
13,61,-2
16,64,1
14,62,-1
13,63,-2
14,62,-1
14,61,1
13,62,1
14,62,-1
14,63,0
16,61,1
13,63,-2
13,62,-1
13,63,0
15,63,2
15,63,2
12,64,1
12,62,2
15,61,2
13,63,0
13,59,-1
15,62,0
15,59,-2
11,61,-1
15,61,2
13,62,-1
15,63,1
14,62,2
13,63,-1
15,61,0
13,62,-2
13,62,-2
13,62,-1
14,63,-1
13,61,-1
14,62,-2
14,61,-2
13,61,-4
11,60,-6
10,60,-7
11,64,-6
15,64,-4
15,65,-1
15,65,-5
19,65,-4
20,64,-3
11,63,0
11,64,-3
9,60,-2
5,61,-5
11,62,-3
10,61,-3
11,63,-5
12,63,-4
12,63,-3
11,63,-5
13,63,-5
13,64,-4
10,64,-5
11,63,-5
10,63,-6
10,63,-6
9,63,-5
9,62,-5
10,62,-4
10,63,-6
8,62,-7
8,63,-8
7,64,-8
11,63,-3
11,64,-1
15,63,-3
20,63,0
12,62,-5
10,61,-6
15,62,-4
12,62,-6
12,64,-9
19,64,-4
17,66,-6
16,68,-8
18,64,-3
11,63,-10
13,64,-8
13,59,-2
9,60,-5
14,60,0
9,59,-1
13,57,-1
15,57,-1
11,61,-6
14,60,-2
16,59,-1
14,68,-4
10,63,-2
9,63,-2
12,63,-4
11,61,-3
12,63,0
15,62,-1
11,62,-3
13,62,-2
12,60,-2
10,62,-3
13,61,-3
15,64,-3
13,62,-4
14,64,-4
13,62,-5
12,63,-5
12,62,-5
15,61,-4
12,62,-5
13,60,-5
14,62,-5
13,63,-6
12,62,-7
14,64,-5
13,62,-6
14,63,-6
14,61,-4
14,61,-5
13,62,-6
14,62,-4
15,61,-4
14,64,-5
14,63,-6
15,62,-5
19,64,-6
29,64,-9
24,65,1
15,62,3
-8,66,-7
-6,68,-9
10,64,1
-4,64,-14
-3,65,-16
7,61,-7
6,59,-9
5,60,-7
12,60,0
3,63,-3
6,64,-2
9,65,-1
8,63,-2
9,64,-2
8,63,-1
7,62,-2
3,61,-1
7,59,0
5,64,-5
5,62,-4
8,64,-3
7,63,-3
7,63,-2
8,63,1
6,62,-3
6,64,-5
9,64,-3
7,63,-2
6,63,-2
7,63,-2
6,62,-2
6,62,-3
8,64,-2
7,62,0
6,63,-2
7,63,-3
7,64,-3
5,64,-2
7,63,-3
6,64,-4
6,63,-2
6,62,-5
6,64,-5
6,63,-2
6,64,-3
6,66,-5
6,63,-2
8,64,-1
9,63,-2
6,64,-4
8,64,-2
7,63,-3
6,64,-3
8,63,-1
8,64,-3
5,64,-4
9,63,0
8,63,-1
6,64,-4
7,63,-3
7,64,-3
6,63,-3
7,63,-2
7,63,-3
8,63,-2
7,63,-3
7,63,-2
7,63,-2
7,64,-3
7,63,-3
7,64,-3
7,63,-3
7,63,-3
7,63,-3
7,63,-2
7,63,-3
6,64,-3
7,64,-4
7,64,-3
7,63,-3
6,63,-3
8,63,-3
7,63,-2
6,64,-4
6,64,-4
8,64,-3
6,63,-3
6,63,-4
8,64,-2
7,63,-2
8,62,-2
6,64,-4
7,63,-3
7,64,-3
7,64,-3
6,63,-2
8,62,-2
6,64,-4
7,64,-3
8,64,-3
6,64,-4
7,63,-2
7,64,-3
7,63,-3
7,63,-4
7,63,-3
7,64,-3
7,65,-3
8,62,-2
6,63,-4
7,63,-3
8,63,-2
6,64,-4
7,64,-3
7,63,-3
7,63,-3
8,64,-3
7,64,-3
8,63,-2
7,63,-3
7,63,-3
8,64,-3
7,63,-3
7,63,-3
7,64,-3
7,64,-3
7,64,-3
7,64,-4
7,64,-4
7,64,-3
8,64,-3
7,64,-3
8,62,-2
7,63,-3
7,62,-3
8,63,-2
7,64,-3
7,63,-2
8,63,-3
8,63,-2
7,63,-2
8,64,-3
7,63,-3
7,63,-2
7,63,-3
8,64,-3
8,63,-2
7,64,-3
8,62,-2
8,64,-2
6,64,-4
7,63,-3
8,64,-2
8,64,-3
7,63,-3
8,64,-3
7,63,-4
8,64,-4
7,63,-3
8,63,-3
7,64,-4
9,63,-2
9,63,-2
8,63,-3
7,64,-3
8,64,-3
8,63,-2
7,63,-4
9,63,-2
9,63,-2
6,64,-4
8,63,-2
9,63,-2
8,64,-4
8,63,-4
8,63,-3
8,63,-3
8,63,-3
8,64,-4
8,63,-3
8,63,-3
8,63,-3
8,63,-3
7,63,-3
8,63,-3
8,63,-3
8,63,-4
8,64,-3
8,64,-3
8,63,-3
8,63,-3
8,63,-4
8,64,-3
8,63,-3
8,63,-3
8,63,-3
8,62,-4
7,64,-4
8,64,-4
8,63,-3
7,64,-4
8,64,-4
8,63,-3
8,63,-3
7,63,-4
8,64,-3
7,63,-4
8,63,-3
8,63,-4
9,63,-3
8,63,-4
8,63,-4
8,63,-4
7,63,-4
8,64,-4
8,62,-4
8,63,-4
7,64,-5
8,63,-3
9,63,-4
7,65,-4
8,61,-3
6,63,-5
7,65,-5
9,62,-2
7,63,-3
8,63,-4
7,65,-4
8,64,-3
7,63,-4
7,63,-3
9,63,-2
7,63,-5
7,64,-4
8,63,-3
7,63,-4
7,63,-3
9,63,-3
7,64,-4
8,64,-3
8,63,-3
6,65,-5
8,65,-2
5,64,-4
6,61,-7
8,61,-4
5,61,-3
6,61,-6
11,65,-4
10,63,-8
8,62,-6
9,65,-3
6,62,-3
3,64,-4
4,62,-5
4,61,-6
7,64,-2
7,64,-3
6,65,-3
9,65,-3
6,65,-5
6,64,-4
6,65,-5
4,65,-5
4,65,-6
6,64,-8
5,63,-7
3,60,-5
4,60,-10
7,61,-10
8,62,-5
7,66,-4
9,67,-5
8,66,-4
8,65,-3
9,65,-6
5,64,-4
6,63,-5
5,63,-7
5,61,-4
5,62,-2
5,62,-3
6,63,-1
6,63,-3
5,63,-4
4,64,-3
5,63,-3
5,63,-4
4,64,-5
3,64,-3
3,64,-4
3,65,-4
2,65,-3
2,64,-2
3,65,-3
5,64,-3
4,63,-3
4,64,-2
4,64,-2
2,64,-2
5,65,-3
4,65,-2
3,64,-1
4,63,-1
3,64,-1
3,63,0
3,63,-2
5,63,1
3,64,-1
4,64,-2
5,65,0
4,65,0
3,64,-1
6,65,1
3,64,0
3,66,0
7,67,5
2,65,3
4,64,1
5,63,4
3,60,3
3,61,3
3,61,4
1,61,3
4,63,4
4,63,5
3,65,4
3,64,3
3,65,4
3,61,3
3,63,2
4,62,1
4,62,4
4,63,3
4,64,3
4,64,4
3,64,4
3,64,4
5,63,4
3,63,3
2,64,3
3,62,4
3,64,3
4,64,3
4,64,3
4,64,3
4,64,3
4,65,3
5,63,3
5,63,3
4,63,2
4,63,2
4,63,1
4,65,1
5,65,2
6,65,3
5,65,2
-1,66,3
-1,63,3
6,63,6
1,63,0
2,62,1
5,63,3
3,64,2
3,64,2
3,63,4
4,64,3
4,64,3
5,64,4
7,67,1
7,67,0
-1,62,6
-1,61,7
9,64,6
3,63,3
6,63,5
5,62,4
5,62,3
3,62,2
4,63,5
4,64,4
4,64,3
6,64,4
4,64,3
4,64,4
6,65,6
3,70,3
5,68,4
6,65,8
2,64,1
4,61,3
8,62,5
1,62,3
4,61,7
5,64,8
1,64,5
3,65,6
3,63,5
2,62,4
3,61,6
4,62,5
5,64,5
7,64,6
6,64,6
5,63,6
7,62,7
3,63,5
2,60,6
3,61,7
2,62,5
2,65,4
6,67,7
5,65,6
6,64,7
5,62,6
6,63,7
4,62,7
4,63,6
6,63,6
5,63,8
6,62,9
4,63,4
4,64,6
4,62,8
4,63,7
7,64,9
5,63,7
2,62,5
8,63,7
3,63,5
4,63,8
5,63,6
4,65,4
6,64,8
4,63,7
4,64,3
7,62,7
5,63,6
4,64,5
6,64,5
5,63,4
4,63,7
5,64,4
5,64,4
7,63,7
5,62,8
5,64,3
5,63,5
5,63,6
5,64,4
4,63,6
6,64,6
6,64,6
5,64,5
4,64,4
5,63,5
5,63,5
5,64,5
5,63,5
6,64,6
5,64,5
5,63,5
5,64,5
5,63,5
5,64,5
7,64,6
2,64,3
5,64,6
7,61,6
3,65,4
5,64,6
5,62,5
5,64,4
7,62,6
6,64,6
5,64,5
5,63,5
6,63,5
3,64,4
3,64,3
6,63,6
4,65,3
6,63,6
7,64,7
3,63,7
5,64,3
3,62,3
5,64,5
5,63,6
5,64,5
4,64,4
6,62,7
6,63,3
4,64,2
7,62,7
1,62,3
3,64,3
7,63,2
5,62,4
4,59,4
4,63,-1
5,58,3
4,61,4
9,66,-1
7,66,3
5,65,2
6,65,-1
5,63,1
5,61,2
4,62,0
5,64,0
7,66,1
5,64,2
6,67,1
6,69,-3
8,64,1
5,66,-3
5,62,-1
7,61,-3
4,59,-5
4,57,-2
3,58,0
4,62,-4
7,63,-1
6,64,-4
3,61,-6
5,64,-4
5,65,-4
8,65,-2
12,66,1
11,67,-4
10,64,-5
12,65,-5
8,65,-10
7,63,-9
9,63,-8
7,63,-9
7,62,-8
9,62,-7
9,63,-9
9,62,-7
9,62,-8
9,63,-9
9,64,-7
9,64,-7
9,64,-9
8,64,-10
6,64,-12
6,62,-12
7,62,-11
6,63,-12
7,62,-10
7,62,-10
8,63,-11
9,63,-9
9,63,-9
8,62,-10
9,63,-10
9,63,-10
9,64,-11
10,63,-10
9,62,-10
8,64,-10
8,63,-10
8,62,-10
7,63,-12
7,63,-11
7,63,-11
7,63,-11
10,64,-9
10,65,-8
10,66,-7
9,70,-9
7,74,-5
11,74,-6
8,66,-9
7,63,-3
7,57,0
4,59,-2
0,56,-2
3,60,-3
-3,61,-5
-4,60,-3
4,63,0
-3,64,-4
-4,64,-1
6,60,3
-5,64,-7
-6,62,-5
-5,65,-1
-8,63,-3
-6,65,-5
-3,64,-1
-3,63,-1
-2,63,-2
-6,62,-3
-7,63,0
-7,61,-2
-8,64,-6
-7,64,-2
-7,61,-2
-7,59,-6
-7,58,-6
-10,55,-12
-8,58,-8
-9,63,-11
4,64,-3
6,69,-5
-1,70,-8
14,71,0
6,71,-4
1,68,-7
6,64,-5
-1,63,-10
-1,61,-10
4,64,-6
-1,64,-11
1,63,-9
1,62,-8
0,65,-9
0,65,-7
2,62,-6
2,64,-7
-1,64,-9
1,63,-7
2,66,-7
0,65,-8
1,65,-7
2,62,-8
0,63,-10
0,61,-7
1,63,-8
-1,63,-8
3,63,-7
2,64,-8
3,64,-8
0,64,-8
2,63,-7
1,63,-7
0,64,-8
0,64,-7
-1,64,-8
-3,64,-9
-2,63,-8
-3,63,-9
-1,63,-8
-2,63,-9
-2,63,-8
-3,63,-7
-3,65,-10
-1,65,-11
-3,63,-5
-5,65,-8
-1,66,-4
-2,66,-11
-2,64,-9
-4,60,-5
-5,60,-7
-4,62,-9
-3,64,-11
0,64,-6
-1,63,-6
-3,64,-7
-2,64,-7
-3,63,-6
-4,64,-7
-3,64,-9
-3,64,-9
-3,63,-6
-4,64,-7
-2,64,-7
-3,63,-8
-4,63,-8
-3,63,-8
-3,63,-7
-4,64,-9
-3,64,-8
-3,63,-7
-3,63,-8
-3,63,-9
-4,64,-8
-5,64,-7
-3,64,-7
-3,64,-9
-4,63,-8
-5,63,-9
-2,64,-7
-5,63,-7
-6,63,-9
-4,63,-8
-4,62,-7
-2,63,-7
2,64,-6
0,64,-14
-2,65,-14
-2,62,-7
-14,63,-13
0,65,-8
-6,61,-9
3,65,-6
0,63,-4
-4,65,-10
-5,62,-10
-5,64,-10
-5,63,-8
0,65,-8
1,63,-9
-3,64,-12
-4,64,-11
-4,63,-9
-3,64,-10
0,62,-6
-2,62,-8
-2,64,-11
-3,62,-7
-3,62,-8
-2,64,-10
-1,63,-10
0,64,-9
-1,63,-10
-2,64,-10
0,64,-10
0,62,-9
-1,63,-10
0,63,-11
3,64,-10
0,65,-10
-1,62,-9
3,65,-11
2,64,-11
-4,62,-9
3,63,-9
2,63,-11
-1,63,-11
1,63,-9
1,62,-10
0,63,-10
1,64,-10
2,63,-10
0,64,-11
1,62,-10
2,63,-10
0,63,-10
1,63,-10
0,62,-8
1,65,-11
0,63,-10
-1,63,-10
1,63,-10
1,64,-12
2,64,-11
-2,61,-8
1,63,-12
1,63,-12
0,62,-9
0,63,-10
1,64,-11
0,63,-10
-1,64,-11
0,63,-11
0,64,-12
2,63,-10
-2,63,-10
0,64,-11
2,63,-11
1,63,-11
-1,62,-10
0,62,-9
5,63,-13
-5,62,-13
-3,61,-8
1,63,-9
1,66,-13
-3,65,-15
-1,63,-13
1,63,-12
1,63,-11
1,62,-9
0,64,-11
-2,63,-11
-4,62,-11
2,63,-9
0,64,-12
-2,63,-12
-1,63,-11
-2,63,-10
-3,63,-10
-1,64,-10
0,63,-9
-3,64,-11
-2,63,-11
-3,63,-11
-4,63,-12
-2,61,-10
-2,62,-10
-1,63,-10
-1,62,-10
-2,63,-11
-4,65,-14
-5,62,-13
-1,63,-9
1,65,-7
-1,64,-9
4,64,-7
4,65,-10
1,63,-6
3,63,-6
3,67,-13
1,59,-5
1,60,-8
2,63,-9
2,60,-7
2,63,-9
2,64,-10
0,63,-8
0,65,-9
3,64,-7
5,64,-8
4,65,-7
-1,64,-10
4,65,-9
3,65,-11
-2,61,-11
0,62,-13
-2,60,-12
-3,59,-11
-2,61,-10
1,63,-11
3,65,-7
1,64,-8
1,65,-9
2,63,-8
0,64,-9
-2,64,-11
1,63,-9
3,64,-9
1,64,-11
0,62,-8
1,63,-8
2,64,-11
-1,63,-9
1,62,-7
0,63,-9
1,64,-11
2,63,-9
-1,64,-10
1,64,-9
0,64,-10
2,64,-9
1,63,-9
1,63,-10
1,63,-10
1,63,-10
2,63,-10
2,64,-9
0,63,-9
0,64,-10
2,63,-10
0,62,-9
0,63,-9
1,63,-9
0,63,-11
0,64,-10
1,63,-9
0,63,-9
1,63,-9
1,63,-10
1,64,-9
0,63,-10
2,63,-9
0,63,-10
3,64,-10
1,63,-9
1,63,-11
0,64,-11
1,64,-9
1,63,-9
1,63,-9
1,63,-10
1,63,-10
1,63,-10
1,64,-9
0,63,-10
0,63,-10
1,63,-10
1,63,-9
1,63,-9
0,63,-10
1,64,-10
2,62,-9
0,64,-10
1,63,-10
2,63,-9
1,64,-10
1,64,-10
1,64,-10
2,64,-9
1,63,-10
1,63,-9
1,63,-10
1,62,-9
1,63,-10
1,63,-9
1,63,-9
1,63,-9
2,63,-9
1,63,-9
1,64,-10
0,63,-10
1,63,-10
0,63,-10
0,64,-10
1,64,-9
1,63,-9
1,63,-10
1,63,-9
1,63,-9
0,63,-10
1,63,-9
1,63,-9
1,63,-9
1,63,-9
1,63,-9
0,63,-9
2,63,-9
1,63,-9
1,63,-9
1,63,-9
0,63,-9
1,63,-10
1,63,-10
1,64,-9
1,63,-9
0,63,-9
1,64,-9
1,63,-9
1,63,-9
1,63,-9
1,63,-9
0,63,-9
1,63,-9
1,63,-8
2,63,-9
2,63,-9
1,64,-10
1,64,-9
1,64,-8
1,64,-9
1,63,-9
1,63,-10
1,63,-9
1,63,-9
1,63,-9
1,63,-9
1,64,-10
0,63,-9
0,63,-9
1,63,-9
1,63,-9
0,63,-9
0,63,-9
0,63,-9
1,63,-8
1,64,-9
0,64,-9
0,64,-9
0,63,-9
1,63,-9
1,63,-9
1,63,-9
1,63,-9
1,63,-9
0,64,-9
2,63,-9
2,63,-9
0,63,-10
2,64,-9
1,64,-9
1,63,-10
1,63,-9
1,63,-9
1,63,-9
1,63,-9
1,63,-10
1,64,-9
0,63,-9
0,64,-9
0,63,-10
1,63,-9
1,63,-9
0,63,-9
1,64,-9
1,63,-10
1,64,-9
1,63,-9
1,63,-9
1,64,-10
1,64,-9
0,63,-8
0,65,-9
2,67,-8
1,64,-7
1,65,-9
2,64,-9
0,64,-8
0,65,-7
1,66,-7
-1,64,-5
0,63,-6
0,63,-6
0,63,-7
1,62,-6
0,63,-6
0,61,-3
1,63,-4
1,63,-5
1,62,-3
0,63,-3
0,64,-4
0,63,-4
0,63,-4
1,63,-4
1,64,-4
1,64,-4
1,64,-4
1,65,-2
0,63,-3
-1,64,-5
0,63,-4
-2,64,-4
-1,64,-4
0,64,-4
0,64,-5
0,65,-5
-1,63,-4
-1,64,-5
0,64,-5
1,63,-5
0,63,-4
-1,63,-5
1,65,-4
1,65,-4
0,64,-5
-1,64,-5
-1,63,-5
0,64,-5
1,64,-5
0,63,-4
0,64,-5
0,64,-5
0,64,-4
-1,63,-5
1,64,-5
1,63,-5
0,64,-5
0,63,-5
1,64,-5
0,63,-5
0,64,-5
1,64,-4
0,64,-5
0,64,-6
1,64,-6
-1,63,-5
0,63,-6
0,64,-6
0,64,-5
0,64,-5
0,64,-6
-1,64,-5
1,64,-5
1,63,-6
1,63,-5
0,63,-6
1,63,-5
1,64,-5
1,65,-7
2,65,-6
0,63,-4
-1,63,-7
0,64,-7
-1,64,-6
1,64,-5
1,64,-5
0,64,-6
-1,64,-6
0,64,-5
0,63,-6
0,63,-6
0,64,-7
1,64,-6
2,64,-5
1,65,-6
0,64,-6
-1,62,-6
0,63,-7
0,64,-6
0,63,-5
0,64,-5
0,64,-6
0,63,-6
0,63,-6
1,64,-6
0,64,-6
0,63,-5
0,63,-7
1,64,-7
0,64,-4
-1,64,-6
1,64,-7
0,63,-6
1,64,-5
2,64,-5
0,64,-6
0,63,-7
-1,63,-7
0,63,-6
1,63,-6
1,64,-5
0,64,-6
1,63,-6
1,64,-6
0,63,-6
0,63,-7
0,63,-7
0,64,-6
1,64,-7
1,64,-5
0,64,-6
0,64,-6
0,64,-6
1,64,-6
0,64,-7
-1,63,-6
0,64,-7
1,63,-6
0,63,-5
0,64,-8
0,64,-6
1,64,-6
0,64,-6
0,64,-7
0,63,-6
0,64,-7
1,65,-7
1,64,-6
0,64,-6
0,64,-6
1,63,-7
-1,63,-6
-1,63,-7
-1,63,-7
-3,63,-6
-4,63,-7
-4,64,-6
-3,66,-4
4,68,-7
4,69,-11
9,67,-9
5,61,-5
3,67,-8
6,67,-8
7,67,0
-2,63,-1
2,65,0
-1,60,0
6,58,-5
-1,64,-11
-1,58,-7
1,64,-5
-3,57,-3
0,61,2
1,63,-9
2,70,-7
5,66,0
2,62,0
3,63,-6
3,63,-4
2,63,-3
2,64,-4
1,65,-5
2,64,-2
2,62,-2
2,64,-4
3,63,-5
2,64,-4
0,63,-3
1,64,-3
4,64,-3
2,65,-4
1,64,-3
1,64,-3
2,64,-4
2,65,-4
2,63,-2
3,64,-3
2,64,-2
1,64,-3
1,64,-3
2,64,-3
1,63,-2
2,63,-2
1,63,-3
2,63,-2
1,64,-3
2,63,-2
1,64,-2
0,64,-3
4,65,-2
2,63,-2
2,63,-1
3,64,-3
1,63,-2
1,62,-1
3,65,-5
1,64,-1
0,64,-2
3,64,-3
2,64,-3
2,64,-2
2,63,-3
2,64,-2
4,64,0
2,63,-3
2,65,-3
2,64,-3
3,64,-2
3,63,-3
1,63,-3
3,65,-3
2,64,-3
3,64,-3
1,63,-2
4,63,-1
1,65,-4
0,63,-7
3,67,-6
2,64,-2
3,65,-3
2,64,-4
2,63,-2
2,65,-4
2,65,-4
4,63,-1
3,62,-3
1,64,-4
2,63,-3
2,64,-1
1,63,-1
3,65,-4
0,63,-1
2,62,-1
2,65,-4
2,63,-2
3,64,-3
3,64,-3
1,63,-3
3,64,-4
2,64,-3
3,63,-2
4,64,-3
2,64,-4
3,64,-2
3,64,-3
3,65,-4
3,63,-1
4,62,-1
2,62,-2
1,64,-5
1,64,-4
4,64,-5
0,66,-7
1,63,-1
3,65,-3
3,64,-5
7,63,-4
-1,61,-3
3,64,-6
1,63,-3
2,64,-6
2,64,-4
1,64,-4
2,63,-4
4,62,-4
2,63,-5
2,65,-4
3,64,-3
2,64,-7
3,62,-3
2,64,-5
3,64,-5
2,65,-4
1,65,-6
2,63,-5
3,64,-4
3,63,-5
2,62,-5
3,64,-4
2,64,-5
2,63,-6
3,64,-4
3,65,-5
3,63,-5
1,63,-5
2,63,-5
2,64,-6
3,63,-4
2,63,-5
3,65,-6
1,64,-5
3,63,-4
2,64,-7
2,63,-6
2,64,-4
2,64,-6
1,64,-5
3,63,-4
2,63,-5
1,64,-5
3,64,-4
1,63,-6
2,64,-6
2,64,-5
1,63,-5
3,65,-5
3,65,-5
0,63,-6
2,65,-6
1,64,-6
1,65,-6
0,64,-7
1,63,-5
2,63,-4
0,64,-6
0,63,-5
4,65,-5
1,64,-6
1,62,-7
3,63,-8
1,63,-9
-3,63,-8
3,62,-8
2,60,-11
3,63,-10
-1,60,-10
1,59,-7
2,63,-13
2,61,-11
3,60,-12
5,61,-13
2,65,-15
4,65,-13
4,65,-16
5,66,-21
9,64,-17
9,61,-18
10,63,-20
11,61,-17
10,63,-13
11,64,-12
11,62,-12
11,63,-18
12,58,-17
13,57,-15
14,63,-19
15,60,-14
13,60,-14
11,63,-18
14,63,-16
10,63,-15
16,64,-19
22,64,-15
17,65,-16
18,69,-18
23,68,-8
20,69,-14
14,64,-12
15,62,-2
14,63,-3
8,59,-1
7,55,7
6,57,8
5,55,10
5,54,16
7,55,16
5,56,17
9,59,16
13,58,19
12,60,16
10,60,14
10,60,14
9,62,14
10,60,15
11,57,19
13,56,17
13,56,15
18,55,19
16,57,17
14,57,13
19,53,18
28,47,25
30,47,22
35,38,33
18,36,19
14,43,10
7,51,-4
12,45,-2
11,45,-2
10,57,-28
17,45,-34
28,50,-33
41,48,-28
51,37,-40
56,30,-45
61,16,-25
53,11,-61
66,0,-53
60,-2,-38
54,-2,-55
63,-12,-49
61,-12,-37
59,-9,-40
61,-13,-35
58,-11,-33
61,-11,-31
60,-13,-31
54,-14,-32
52,-15,-28
49,-17,-28
47,-14,-29
45,-12,-32
44,-15,-33
48,-20,-34
49,-25,-37
48,-28,-39
46,-31,-39
45,-29,-36
45,-28,-36
46,-25,-38
46,-24,-37
45,-24,-38
46,-23,-40
45,-25,-40
45,-25,-39
44,-26,-40
43,-26,-41
45,-28,-40
44,-28,-41
40,-28,-42
46,-27,-37
46,-26,-36
42,-26,-36
40,-24,-37
47,-22,-37
49,-23,-37
44,-21,-35
53,-24,-35
51,-22,-38
46,-26,-37
51,-26,-29
54,-25,-29
42,-29,-32
46,-26,-26
47,-22,-31
49,-28,-21
53,-26,-22
44,-23,-41
50,-30,-39
63,-26,-36
52,-25,-37
43,-26,-29
47,-22,-26
43,-27,-37
56,-24,-18
43,-23,-27
43,-23,-27
60,-19,-30
62,-37,-28
60,-30,-28
47,-21,-29
52,-25,-20
44,-27,-19
49,-25,-24
42,-28,-23
46,-29,-24
51,-24,-28
49,-25,-29
52,-27,-28
48,-25,-36
52,-31,-21
49,-28,-19
51,-23,-31
52,-28,-31
41,-30,-36
60,-22,-28
40,-24,-31
43,-28,-31
53,-18,-35
47,-27,-34
44,-25,-35
57,-27,-26
38,-27,-30
47,-27,-24
57,-28,-18
46,-24,-28
46,-24,-25
55,-25,-28
48,-27,-27
50,-31,-27
51,-27,-25
47,-29,-26
39,-31,-27
43,-30,-28
39,-31,-32
44,-29,-36
42,-30,-38
44,-31,-42
43,-28,-47
42,-28,-45
35,-29,-46
42,-28,-32
41,-28,-34
39,-32,-39
44,-30,-39
35,-29,-45
36,-31,-42
36,-28,-43
38,-28,-49
36,-28,-43
36,-29,-41
46,-28,-42
44,-27,-39
36,-29,-41
27,-30,-44
31,-25,-38
31,-28,-49
33,-25,-53
35,-25,-48
41,-24,-44
35,-28,-45
34,-28,-45
48,-29,-33
37,-31,-42
34,-35,-43
43,-31,-42
48,-32,-28
43,-34,-30
38,-35,-30
47,-33,-28
46,-30,-30
45,-31,-29
47,-28,-30
45,-27,-34
45,-28,-31
45,-31,-29
45,-31,-30
45,-31,-31
44,-31,-31
45,-31,-32
46,-31,-28
44,-31,-30
45,-34,-30
45,-33,-31
49,-37,-31
47,-38,-32
42,-38,-27
49,-38,-25
56,-35,-19
48,-31,-27
45,-37,-23
56,-34,-24
53,-30,-18
56,-29,-17
54,-25,-17
50,-28,-17
53,-24,-17
59,-25,-14
58,-23,-14
57,-21,-13
58,-19,-11
63,-17,-9
62,-17,-8
60,-14,-8
58,-13,-10
52,-14,-13
56,-12,-7
62,-17,2
62,-13,0
53,-9,-8
73,-10,-5
69,-4,0
64,-7,-9
68,-4,-11
68,-4,-12
59,-1,-9
62,6,-8
59,9,-10
57,14,-15
62,18,-10
61,17,-12
59,19,-17
65,19,-15
65,19,-17
59,18,-16
65,19,-13
63,19,-13
68,23,-4
68,25,-12
61,23,-16
72,14,-13
59,-4,-13
62,-8,-23
68,-20,-18
60,-20,-16
34,-46,53
-10,-92,52
103,6,20
106,18,24
69,-16,21
52,1,27
68,8,21
38,4,40
29,8,43
24,8,49
66,16,50
83,21,53
83,7,40
45,6,25
43,3,26
43,6,10
20,4,4
39,1,12
64,-3,35
45,-7,36
28,-6,25
7,-4,2
52,-26,24
79,-30,22
71,-45,-3
110,-44,-16
110,-29,-21
70,-27,-21
58,-24,-2
61,-26,7
64,-32,10
61,-45,-1
57,-56,-1
55,-51,8
57,-50,12
56,-51,12
46,-51,5
48,-48,10
50,-45,15
48,-37,17
42,-31,15
42,-27,15
45,-21,14
48,-18,13
49,-17,12
51,-14,11
55,-15,9
57,-15,9
56,-12,9
58,-10,9
58,-8,9
59,-10,9
61,-9,10
62,-9,8
64,-15,4
66,-20,-5
70,-23,-4
63,-31,-14
58,-31,-16
66,-33,-12
56,-36,-16
51,-34,-21
57,-32,-23
50,-27,-26
52,-24,-25
51,-21,-16
32,-20,-32
35,-23,-28
43,-24,-15
46,-30,-26
59,-32,-27
78,-35,-19
65,-30,-34
54,-32,-29
54,-28,-11
35,-31,-12
41,-44,19
37,-19,-12
88,-8,-5
77,-5,-8
50,-5,1
46,-2,-1
53,-9,5
51,-7,4
71,-11,-6
81,-9,-21
85,-27,-29
62,-20,-41
56,-22,-35
50,-20,-25
46,-24,-28
51,-22,-31
47,-21,-37
56,-25,-17
54,-21,-29
50,-22,-33
69,-19,-17
71,-21,-10
50,-24,-25
46,-26,-29
41,-29,-32
56,-41,-6
42,-40,1
30,-32,1
67,-11,1
46,-13,-8
45,-13,-5
60,-9,2
66,-22,-2
77,-22,3
71,-17,-3
71,-19,1
71,-22,-4
53,-22,-11
49,-14,-19
61,-15,-25
62,-25,-31
54,-26,-31
44,-29,-25
48,-33,-16
53,-31,-21
52,-29,-30
49,-36,-23
51,-39,-21
41,-41,-29
49,-54,-19
54,-49,-8
37,-43,-8
60,-27,3
66,-22,1
55,-9,-1
49,-8,-1
52,-7,4
64,-10,12
67,-12,6
74,-15,2
89,-14,7
69,-22,-20
62,-24,-20
61,-28,-18
55,-29,-25
48,-37,-21
36,-21,-13
29,-19,-23
27,-17,-24
35,-25,-38
86,-37,-14
79,-30,-26
40,-47,-12
45,-34,2
53,-34,-19
70,-44,-34
58,-53,12
66,-54,13
46,-36,31
52,-10,-2
52,-3,0
46,-8,12
49,-12,15
48,-11,3
54,-12,-5
96,-13,6
88,-10,-19
87,-22,-10
91,-41,21
83,-23,26
85,-1,2
47,-5,-6
38,-3,-14
48,-2,-10
64,1,-9
62,3,-11
57,4,-12
61,3,-10
79,-1,-2
74,-14,4
65,-12,17
58,-11,18
55,-6,25
54,0,26
51,-1,27
40,-11,18
41,-13,18
49,-13,22
42,-11,11
33,-3,0
33,3,-1
39,-13,0
48,-26,10
46,-48,17
37,-62,21
28,-63,20
20,-66,22
19,-77,16
24,-81,15
36,-80,17
22,-87,4
18,-89,-1
19,-77,1
13,-69,1
9,-65,0
8,-54,2
6,-50,5
7,-48,5
7,-47,11
0,-45,8
12,-47,16
6,-55,14
8,-63,10
6,-62,9
-9,-57,8
1,-81,10
-10,-78,14
-27,-64,23
-43,-86,1
-1,-65,9
55,-72,0
76,-78,29
68,-53,-16
60,-40,-2
60,-23,13
59,-10,10
76,-23,1
90,-33,-3
101,-31,-11
111,-35,-9
108,-36,-3
102,-36,13
61,-20,11
36,-2,23
38,2,26
32,11,31
30,17,32
40,15,47
31,15,26
43,10,39
30,18,21
44,30,9
45,36,9
30,47,7
28,49,6
27,47,5
32,52,15
32,57,10
40,56,12
45,57,16
36,56,9
31,55,8
33,54,11
37,52,12
34,51,8
33,47,11
38,49,12
35,50,13
30,54,13
35,55,7
31,55,8
33,54,15
33,53,14
32,52,13
26,47,9
20,45,3
21,46,1
28,46,8
33,48,16
35,50,19
34,56,12
40,53,19
42,50,20
36,54,14
32,56,6
32,56,6
37,55,16
35,52,18
37,50,22
38,46,26
34,49,18
35,50,18
37,49,15
39,53,9
32,53,8
34,51,13
30,51,15
32,50,16
35,50,18
33,50,17
32,50,17
35,50,18
35,51,17
32,53,15
35,50,16
33,51,19
32,50,16
33,50,16
33,50,18
35,51,16
34,51,16
36,51,17
33,52,14
33,51,15
33,51,16
31,50,16
33,51,15
32,50,16
34,51,17
32,54,13
34,54,16
35,53,19
38,58,21
39,59,26
48,70,43
24,65,39
25,64,37
46,64,34
25,61,21
18,59,20
15,52,16
11,44,20
11,42,21
10,41,19
17,35,34
17,35,34
11,38,31
16,37,32
15,38,31
16,39,31
15,45,29
10,48,28
15,50,37
21,55,40
13,58,38
11,57,41
13,58,43
11,55,40
-1,53,38
-9,50,42
-10,42,45
-14,45,36
-23,38,32
-15,26,32
-30,36,12
-50,35,8
-42,38,5
-39,36,21
-51,33,19
-53,30,11
-37,45,13
-33,50,16
-22,55,13
-14,65,17
-12,66,24
-15,69,24
-9,75,31
-3,76,31
4,73,25
19,68,24
23,64,23
14,61,23
6,52,20
11,52,18
22,54,16
23,54,13
28,54,17
38,59,19
34,57,23
28,57,21
26,57,19
31,56,18
26,54,16
25,53,16
29,53,16
28,53,16
27,53,17
29,52,18
29,53,19
29,53,19
29,53,18
28,53,17
29,54,17
28,53,17
29,53,18
29,54,17
29,54,17
30,54,18
29,53,18
28,53,17
28,53,17
29,53,18
28,54,17
28,53,17
27,54,17
27,54,17
27,55,17
27,54,15
25,54,14
26,55,14
29,54,17
32,54,19
30,53,17
31,54,16
29,53,18
29,52,19
31,55,16
30,54,15
29,53,16
29,53,16
30,53,14
29,52,15
28,52,15
28,53,13
29,55,10
37,51,19
37,53,22
27,53,13
34,53,16
34,53,15
32,54,11
32,53,12
33,53,14
31,53,13
32,53,13
33,52,14
32,52,14
31,52,13
32,52,13
33,52,13
32,53,14
31,54,13
32,53,14
32,53,14
33,53,13
32,52,13
31,52,14
32,51,16
34,50,16
34,51,16
34,51,15
33,54,12
33,52,16
33,51,16
31,52,15
34,51,18
34,51,15
33,57,15
37,58,28
30,59,21
40,64,21
40,62,17
28,58,12
12,56,6
9,53,5
7,49,9
10,44,14
20,49,19
21,46,17
27,52,15
29,53,17
29,54,17
31,57,15
34,52,20
37,53,16
33,55,9
36,54,11
33,56,8
35,53,10
35,53,9
31,54,6
30,54,7
32,54,9
31,54,7
30,54,5
31,55,6
33,55,8
29,54,7
30,55,7
34,54,8
31,56,7
30,56,5
32,55,8
31,56,8
30,56,7
31,55,8
29,54,7
28,54,6
27,54,9
29,54,8
29,54,7
31,55,7
31,55,8
31,56,8
32,56,7
31,56,7
31,57,7
31,57,5
31,54,6
32,55,7
31,54,7
30,53,7
30,52,7
30,53,8
30,54,8
31,55,7
33,56,6
30,56,5
30,56,5
32,56,5
29,55,5
29,56,5
32,55,6
31,55,7
32,55,7
31,55,7
31,55,6
31,54,7
30,55,6
30,55,5
29,54,6
31,55,7
31,55,6
31,54,7
32,55,8
31,56,7
31,54,8
31,55,8
31,54,8
34,55,8
30,55,8
28,54,5
30,55,12
32,51,9
34,54,8
32,54,10
31,52,12
31,52,10
32,53,11
32,52,12
32,53,11
32,54,8
32,54,10
32,53,11
32,54,10
32,53,11
32,53,11
32,54,10
31,52,10
32,52,10
32,54,10
32,53,10
31,53,10
31,53,10
32,54,10
32,54,9
31,55,9
32,54,9
32,55,9
32,54,9
30,54,9
30,55,9
32,55,9
32,54,9
32,53,9
32,53,10
32,53,10
32,53,11
33,52,11
31,53,10
32,54,10
32,54,11
31,54,10
32,53,10
31,53,10
31,54,10
32,54,10
32,54,10
32,53,10
32,54,10
32,54,9
32,54,10
33,52,11
34,53,10
33,53,10
32,52,10
33,53,11
33,52,11
33,52,11
33,53,10
33,53,10
33,52,10
33,53,11
33,52,10
33,52,11
34,52,12
33,52,11
32,52,9
34,53,11
34,53,12
33,55,11
34,53,12
36,54,12
34,54,9
35,52,11
38,52,13
35,53,12
34,52,13
34,54,13
30,56,13
33,54,15
34,56,15
25,52,14
21,51,15
22,53,16
17,51,17
22,51,18
26,52,19
24,53,16
29,54,16
33,54,16
35,55,17
32,53,19
34,53,19
30,53,17
28,52,16
30,52,17
32,54,17
31,53,17
30,54,17
29,53,16
30,54,15
31,56,15
25,53,16
24,53,17
26,53,19
24,53,17
25,53,16
25,53,15
33,54,17
33,54,16
30,54,14
31,54,15
30,54,13
29,53,13
32,55,11
30,55,11
35,53,11
34,52,11
36,51,11
37,53,11
33,51,11
34,51,10
35,52,8
36,50,10
34,50,10
26,51,7
34,51,9
34,52,9
33,53,9
35,55,9
35,53,9
34,54,8
34,52,9
32,51,8
33,54,7
37,56,4
37,56,4
40,52,9
39,51,8
36,50,7
35,49,7
34,52,7
33,51,7
36,52,8
36,54,7
35,53,6
32,54,7
33,54,7
32,54,6
35,55,7
36,53,7
36,53,8
35,51,8
35,52,7
32,51,5
33,50,6
33,49,5
32,49,6
35,50,7
35,52,7
36,53,9
36,53,8
36,52,7
36,54,6
36,53,7
35,53,6
35,54,6
35,52,7
33,52,7
33,52,7
34,53,6
35,53,7
35,54,7
35,54,6
37,54,7
34,53,8
35,53,9
35,52,8
37,54,11
37,56,12
37,58,12
42,55,15
41,54,15
42,52,15
37,50,17
23,48,13
18,47,12
23,45,18
30,49,21
26,49,20
14,48,20
19,48,26
20,49,28
19,52,27
23,54,27
24,54,26
24,54,25
22,54,25
21,54,24
22,55,22
22,57,24
23,55,24
20,56,24
21,55,24
20,54,24
19,56,18
23,57,16
25,56,17
23,58,17
23,56,15
24,56,15
25,58,11
27,59,10
28,58,12
26,58,10
25,59,7
26,58,11
24,57,13
24,56,14
26,57,14
26,56,15
25,55,15
23,55,15
22,56,13
26,57,15
25,56,14
24,56,14
25,56,15
25,57,15
25,57,14
24,57,15
25,57,14
25,58,11
24,57,14
25,56,17
25,56,16
24,56,15
26,56,15
25,56,15
23,56,14
25,56,16
26,56,17
25,55,17
23,58,10
27,56,17
27,55,19
24,54,15
25,55,16
26,55,15
25,56,14
27,56,17
27,56,16
25,56,14
26,57,15
27,56,16
25,57,15
26,58,8
27,59,8
19,52,17
26,56,18
25,55,15
26,56,14
24,56,14
22,57,13
21,54,14
27,54,14
29,55,14
30,54,15
32,54,19
31,54,17
28,54,13
30,54,14
31,55,13
29,56,11
30,56,12
29,55,11
30,55,13
30,55,12
29,55,11
29,56,11
30,56,11
29,56,11
28,55,11
30,54,11
30,54,11
29,55,10
28,55,11
29,55,11
30,55,10
30,56,12
29,55,11
29,55,10
30,55,11
30,54,11
29,54,11
30,54,11
32,54,12
30,54,11
30,55,10
30,56,10
30,55,11
30,55,11
30,55,10
30,55,11
29,55,12
27,54,11
28,54,12
27,54,12
29,56,9
33,56,11
31,55,13
31,55,9
34,55,11
33,55,11
28,54,11
29,54,12
29,54,12
31,55,11
32,56,11
31,55,12
28,54,13
27,54,11
30,54,13
28,54,13
28,54,11
29,55,13
31,55,12
29,53,12
32,53,10
31,53,13
33,54,16
33,54,14
32,55,14
29,55,13
26,54,15
27,53,21
26,52,22
16,52,19
29,53,25
33,54,27
23,53,21
26,54,21
26,54,20
24,53,20
29,54,21
29,54,21
25,53,20
25,53,20
27,53,21
28,54,19
27,54,18
27,54,18
29,55,18
28,54,19
26,53,18
28,53,18
29,53,19
28,54,19
28,54,19
28,54,19
27,53,19
28,54,18
28,53,18
27,54,18
27,53,19
28,53,19
28,54,19
27,54,18
28,53,19
29,54,19
28,53,19
29,53,19
29,53,19
27,53,18
28,54,18
28,54,18
29,54,19
28,53,18
28,52,19
29,53,19
28,54,18
28,54,19
27,53,18
28,55,16
28,55,17
28,60,17
27,59,16
28,51,16
29,54,14
29,55,12
33,55,13
36,55,14
35,55,13
34,53,12
35,53,12
34,51,12
28,50,12
32,48,13
31,48,12
29,47,13
28,50,12
30,55,12
35,54,13
35,53,15
37,49,17
42,42,20
47,43,20
47,47,13
46,46,15
44,46,17
33,45,12
6,40,3
20,38,17
30,41,14
24,47,12
41,49,18
47,46,-7
54,54,-8
61,41,12
46,38,11
48,42,2
47,43,-14
52,45,-13
43,33,-5
42,43,-16
37,43,-18
44,33,-17
44,39,-27
43,38,-29
53,44,-24
48,32,-17
56,34,-26
48,35,-27
53,34,-24
51,32,-23
45,33,-31
40,33,-33
41,33,-41
40,30,-35
49,31,-48
55,35,-50
44,26,-44
41,24,-41
42,22,-39
70,11,-23
99,15,-8
75,29,-2
84,44,-3
77,53,-15
42,43,-28
52,37,-32
73,33,-24
63,9,1
40,-9,23
21,-14,23
40,-16,37
41,-1,42
35,4,41
40,31,49
35,52,65
28,58,62
35,36,40
40,35,30
32,42,25
39,60,24
31,51,13
30,55,20
25,51,30
26,44,30
28,45,36
20,41,34
36,39,37
33,39,36
29,39,35
28,40,32
29,41,29
45,37,41
33,32,51
32,34,50
32,32,44
33,34,37
35,36,36
39,35,37
38,36,38
40,33,43
31,33,43
37,34,41
35,35,42
35,38,37
25,38,35
34,37,35
41,38,39
30,37,34
28,37,33
37,36,39
37,37,38
34,37,35
41,37,39
32,36,38
34,37,36
35,37,38
31,35,39
32,38,36
39,40,34
39,40,32
36,39,34
34,37,39
36,36,40
33,37,36
34,37,37
33,37,37
31,36,38
33,37,37
39,37,33
43,38,34
39,38,36
36,38,37
37,38,38
31,35,38
32,32,47
22,35,43
39,39,26
46,38,26
42,41,26
38,41,29
35,40,32
33,40,33
36,39,33
34,40,34
34,38,33
43,39,37
40,39,34
37,39,31
35,38,32
33,39,32
34,40,30
37,41,33
40,40,32
42,38,31
42,42,34
42,44,37
37,36,35
34,45,24
23,42,27
20,40,39
13,41,45
23,44,41
33,44,34
28,44,38
24,40,39
26,40,36
26,48,29
27,47,28
34,45,31
36,41,36
33,41,39
28,40,37
29,41,34
31,42,34
31,41,37
27,41,34
32,42,33
31,41,42
32,41,42
29,40,35
31,40,34
29,38,34
38,41,39
34,40,36
33,39,35
31,40,37
33,38,35
34,41,36
34,39,34
35,41,37
35,38,36
34,41,37
37,38,36
38,40,36
34,38,35
28,42,34
28,42,35
33,41,33
38,42,35
37,40,35
48,43,36
27,37,38
19,38,38
25,42,38
20,40,36
19,42,37
23,41,39
35,42,42
30,41,42
25,42,36
28,43,31
30,43,33
23,41,36
23,40,38
25,42,40
30,38,43
35,41,41
31,40,42
34,39,39
37,42,37
35,42,39
22,38,40
25,40,37
25,40,37
26,40,41
31,42,37
30,42,36
29,40,38
27,40,40
28,39,41
31,39,42
29,38,39
31,41,37
28,40,41
28,40,41
28,40,39
27,42,36
27,40,36
29,41,38
28,42,38
28,40,38
28,40,37
31,41,40
32,40,39
27,41,38
29,41,39
29,40,40
29,42,38
28,41,38
28,40,39
27,39,38
28,41,39
28,40,38
29,39,37
29,41,37
29,40,38
30,42,39
29,38,39
28,39,38
29,40,38
28,40,38
30,40,38
31,38,40
36,40,42
39,38,42
28,39,38
31,41,37
30,39,37
31,40,40
27,40,34
28,39,39
21,38,37
27,39,38
26,38,39
34,38,37
33,39,38
28,37,39
31,35,42
43,35,43
38,35,44
34,36,38
34,37,38
32,37,38
31,35,37
42,35,38
40,34,39
34,34,40
33,35,39
34,34,39
34,34,40
33,34,39
34,36,40
37,34,38
39,37,36
36,36,37
32,36,34
33,37,35
38,34,40
32,34,38
35,35,37
36,34,38
33,34,39
32,34,39
34,34,38
38,32,44
34,34,41
38,34,38
31,35,40
37,35,39
45,35,34
34,34,39
30,35,39
34,34,36
34,35,37
36,35,39
33,36,37
42,37,39
36,35,39
35,36,37
36,37,37
36,36,39
26,37,36
35,37,35
31,36,37
32,36,39
36,35,39
39,37,38
40,34,40
32,36,36
32,36,37
29,34,39
36,37,35
41,35,41
37,34,43
39,34,41
36,35,37
32,34,38
40,34,37
40,35,39
32,35,38
36,36,35
38,35,36
36,35,41
34,35,38
37,36,33
37,34,37
31,34,40
32,37,36
38,36,36
31,36,38
30,36,37
34,37,37
38,35,40
37,35,39
36,36,36
35,35,37
39,35,41
45,38,41
40,33,42
22,36,38
24,37,38
27,41,37
30,39,39
31,38,38
31,39,39
35,37,41
30,37,40
31,38,41
32,35,38
33,40,41
34,36,39
30,38,34
29,39,39
27,38,40
31,36,43
26,39,41
28,37,38
33,38,36
34,37,41
29,38,40
31,39,38
33,38,42
26,35,41
31,39,37
27,35,41
27,36,41
35,38,39
31,40,36
33,41,33
34,39,37
34,39,38
36,39,39
30,37,39
34,37,41
33,37,42
29,37,36
30,39,38
28,38,38
32,39,39
32,39,38
32,38,39
33,39,38
32,38,39
31,38,39
29,38,36
28,38,38
29,40,37
39,36,42
36,38,40
35,39,39
28,40,33
32,38,40
25,41,33
34,40,32
35,41,32
27,37,38
25,37,44
31,39,38
35,40,33
27,37,27
44,39,27
45,36,25
47,40,10
55,39,12
55,42,5
48,40,5
50,39,6
53,40,11
41,40,3
40,39,4
53,42,5
46,39,7
43,38,8
51,42,7
48,40,4
46,40,6
49,39,8
46,38,5
46,41,3
50,41,4
47,40,5
46,44,5
43,37,5
35,43,-7
43,40,-6
63,39,5
50,39,-5
46,38,-9
56,40,-10
69,40,-22
65,44,-15
30,37,19
67,41,10
65,33,10
30,43,11
37,37,28
37,37,35
19,35,30
31,38,30
44,38,34
39,35,36
39,36,32
40,37,31
38,36,31
41,36,31
43,35,37
42,34,36
44,36,35
36,36,35
37,36,33
38,38,30
40,38,32
39,37,34
36,37,34
34,37,33
39,37,34
41,37,35
36,37,34
35,38,33
40,38,35
40,38,34
36,38,36
37,38,35
31,37,38
28,38,34
33,37,35
36,40,37
28,38,38
27,39,35
29,40,36
32,38,36
39,37,39
32,39,34
37,39,34
38,37,36
36,38,41
33,37,36
33,38,35
36,39,36
32,39,36
33,39,34
35,38,35
34,38,35
36,38,36
36,37,36
37,39,35
35,39,34
36,39,36
38,37,39
28,35,40
30,36,36
35,40,34
39,40,33
35,41,32
34,39,34
33,37,35
30,39,35
34,38,36
36,38,37
39,38,36
37,37,34
37,39,36
34,38,34
35,38,33
41,38,39
35,38,40
32,42,37
26,42,31
28,40,32
31,40,34
37,40,36
31,40,38
30,40,37
32,41,36
29,39,37
30,39,37
29,41,36
33,42,33
36,41,34
32,40,40
31,40,37
32,41,36
30,40,36
28,41,35
29,42,33
30,41,35
32,41,38
30,38,38
29,42,37
30,41,37
30,42,36
30,41,38
29,40,36
30,41,36
30,40,35
31,42,36
30,41,37
31,41,37
31,41,36
31,41,36
31,41,37
30,41,36
30,40,36
31,40,37
30,40,37
30,40,37
31,40,36
31,41,36
31,41,36
31,41,37
31,40,37
31,41,37
31,41,36
31,41,36
32,42,36
30,40,36
34,42,34
29,41,34
30,41,35
27,40,36
29,41,33
33,41,37
32,38,35
28,39,38
31,37,41
31,37,41
33,38,39
36,39,36
36,39,36
35,39,33
39,38,43
32,38,41
30,37,36
31,39,33
32,39,34
33,38,36
33,40,35
34,39,33
43,37,43
29,38,35
33,39,34
36,38,37
36,38,36
37,39,35
33,37,35
36,37,36
37,38,36
35,38,35
29,38,34
30,36,35
45,36,42
38,37,39
33,37,36
32,37,34
36,38,36
37,37,38
37,38,36
33,37,37
33,36,37
36,38,37
35,38,35
35,36,36
35,38,37
35,37,36
34,37,35
35,38,37
35,37,36
35,38,35
35,38,36
34,38,39
33,38,38
33,37,36
33,37,36
35,37,36
35,38,36
36,37,38
33,36,36
33,38,37
35,37,37
30,35,35
37,36,43
40,37,41
41,37,33
35,38,34
34,36,36
29,37,36
36,38,39
37,38,38
32,39,39
32,39,38
26,39,37
26,38,33
29,42,38
30,38,41
32,40,35
34,40,37
37,35,39
36,40,38
29,36,38
34,38,37
35,40,37
31,38,38
34,39,36
31,39,36
33,39,37
34,37,38
33,39,39
33,38,35
34,39,34
29,38,40
29,37,36
34,38,35
31,38,36
36,39,38
49,36,40
29,35,37
33,39,34
34,38,35
32,36,37
49,36,44
24,36,38
33,37,34
40,38,38
34,35,41
35,38,37
31,40,32
35,38,37
26,35,43
33,39,35
34,39,35
31,38,36
34,39,37
40,39,39
34,37,41
35,38,39
38,38,38
32,39,36
32,39,35
28,38,38
30,39,36
32,40,34
28,39,38
27,38,37
26,39,36
33,40,34
42,36,42
37,35,43
38,38,40
39,37,35
36,39,35
32,39,37
33,38,37
30,40,35
26,38,35
29,40,33
35,40,35
30,39,40
29,40,33
41,41,38
24,38,39
32,40,31
30,40,31
32,39,39
38,39,36
42,40,42
27,40,35
23,39,30
24,38,33
41,38,40
37,36,43
43,35,46
29,38,38
32,38,37
35,39,34
29,36,36
32,38,41
32,40,36
24,39,32
29,38,40
33,35,40
40,39,44
32,38,36
31,38,34
28,38,39
25,34,38
36,37,41
30,36,38
51,37,39
26,37,40
34,36,38
35,38,36
29,37,38
32,38,38
30,37,37
36,39,40
29,37,38
29,39,33
37,38,41
30,37,38
28,39,37
29,36,38
37,40,39
33,37,42
24,39,36
42,37,42
36,34,46
21,37,42
32,38,37
33,37,39
33,39,40
31,38,39
33,39,40
32,36,41
26,39,36
27,37,37
40,41,39
28,38,39
23,35,37
33,37,40
37,36,42
30,39,39
26,37,37
30,36,42
30,37,40
37,37,39
37,40,38
51,37,40
19,36,38
39,39,39
41,38,38
32,38,36
26,37,38
34,36,40
32,38,38
32,37,38
32,37,37
38,39,38
32,36,42
30,37,39
29,38,38
21,38,32
29,39,32
50,37,40
43,35,43
24,38,38
38,37,39
27,35,37
27,35,35
41,34,40
45,34,44
29,33,42
35,34,39
38,33,40
45,33,38
38,33,39
38,32,39
38,33,38
36,33,38
36,33,38
39,35,36
39,33,37
38,33,38
38,34,39
36,34,37
37,33,38
36,35,38
35,32,39
35,34,39
36,35,38
36,33,38
35,35,38
38,35,39
34,34,37
36,35,38
30,35,37
42,35,42
39,34,41
32,35,37
34,33,38
31,32,38
34,35,40
37,33,40
39,36,40
37,32,42
31,36,40
32,35,41
44,36,34
39,36,41
27,32,39
34,37,38
34,34,36
35,36,35
35,39,36
33,33,41
30,36,40
32,36,37
34,36,37
36,38,37
38,37,37
34,36,38
34,38,37
32,35,37
38,37,34
32,37,34
33,35,36
32,37,38
35,34,36
40,34,41
41,36,42
32,34,39
37,35,36
38,35,37
35,34,40
39,34,39
36,33,38
34,34,38
38,33,39
38,34,38
32,33,39
34,34,37
38,34,38
34,33,40
34,34,39
44,33,39
39,32,41
28,32,40
31,33,40
52,32,40
29,34,33
33,37,34
40,36,39
36,37,33
34,34,38
31,34,37
36,37,36
40,36,38
38,37,39
32,37,36
35,37,36
31,36,37
33,37,37
33,38,37
41,36,40
31,39,38
27,35,38
27,38,37
32,37,36
34,34,37
33,39,34
48,33,41
41,36,44
30,36,38
37,37,36
38,37,37
34,35,34
44,37,42
40,37,44
29,32,42
26,41,33
31,37,34
34,40,37
33,39,40
32,34,41
32,39,40
32,38,38
31,39,36
30,38,39
31,36,39
33,40,37
29,36,39
32,37,38
37,37,40
31,38,38
33,36,40
31,37,40
30,39,36
29,38,37
34,37,41
33,35,43
33,39,39
32,36,41
35,36,39
35,39,40
25,37,38
35,38,38
35,38,41
29,37,38
34,39,41
33,38,39
27,37,38
26,37,38
35,37,39
30,37,41
23,37,36
24,36,39
32,35,40
33,37,39
33,38,37
48,34,45
26,36,41
27,35,37
31,35,38
45,38,37
38,39,38
29,33,49
33,38,36
36,39,33
35,34,39
34,36,40
36,37,38
32,36,36
34,37,37
35,39,37
36,34,37
38,37,37
37,38,37
35,36,37
36,38,35
33,35,34
36,39,37
37,39,37
34,36,35
34,38,36
35,37,37
35,38,36
33,38,35
32,38,33
35,38,35
34,39,36
33,39,35
38,36,38
34,40,36
33,38,34
35,38,35
34,38,35
33,38,35
33,37,36
34,39,35
36,39,37
35,36,36
35,39,35
35,38,36
34,37,34
35,39,35
35,38,37
34,39,35
35,38,36
35,37,37
35,39,36
35,38,36
34,38,36
34,38,35
34,39,35
35,38,36
36,40,35
34,37,37
34,38,36
34,39,35
35,37,35
35,38,35
34,39,36
34,37,35
34,39,35
34,39,36
35,38,36
35,39,35
34,39,36
35,39,35
35,39,34
34,38,35
34,38,35
34,39,35
35,38,36
35,38,36
34,39,35
34,38,35
34,39,34
33,39,33
36,40,33
36,39,35
33,37,37
34,40,39
34,38,37
35,37,35
35,41,30
35,40,29
35,39,34
32,39,36
35,39,37
36,38,36
35,40,34
36,41,34
35,39,33
35,42,36
35,41,37
38,41,42
38,35,35
39,40,33
28,44,30
26,43,28
27,44,29
31,45,37
29,43,45
27,37,45
28,45,35
28,46,26
30,48,22
29,52,19
31,51,22
30,50,25
26,49,29
22,44,34
22,43,36
1,42,33
11,40,31
8,40,22
24,38,5
60,38,2
81,34,2
96,34,8
37,33,11
22,35,18
52,22,25
55,16,30
70,12,49
73,6,27
67,2,25
70,-1,30
71,-9,33
76,-6,25
83,-8,24
87,-21,33
51,-22,17
61,-64,21
38,-34,-16
53,-26,-32
71,-21,-26
71,-2,-36
68,4,-41
50,16,-40
47,20,-22
55,22,-3
55,16,5
70,10,26
76,5,28
78,13,29
75,6,51
60,18,43
52,33,17
40,35,10
32,44,4
39,49,-18
40,34,-19
40,28,-24
50,11,-21
50,20,5
48,11,0
66,23,16
53,34,13
45,38,15
29,42,24
34,50,13
38,52,9
31,55,6
37,53,11
38,51,11
42,55,9
35,52,10
35,52,12
36,52,12
32,50,10
32,52,10
33,52,12
35,54,11
36,54,11
38,56,10
32,52,13
30,51,14
37,53,16
31,52,13
25,51,13
23,49,18
21,54,14
17,56,13
23,56,18
26,55,23
22,54,25
24,54,28
26,55,24
30,57,23
34,59,27
28,59,24
26,56,21
25,53,20
22,53,16
20,53,14
20,51,19
23,54,19
23,56,18
27,58,19
25,57,20
20,55,20
21,55,19
23,56,17
25,57,18
26,58,19
27,59,23
27,60,19
21,64,18
18,60,23
20,56,13
22,51,4
27,52,4
20,51,5
21,53,10
21,55,10
24,60,11
22,59,11
24,59,11
24,59,11
23,57,11
23,57,11
22,57,10
22,58,11
23,59,11
24,59,10
24,59,10
24,58,10
24,57,11
23,58,9
24,57,11
24,58,9
26,58,10
24,58,12
25,58,11
24,59,8
25,59,10
21,57,12
24,57,11
23,58,10
24,58,10
23,57,10
24,57,11
24,59,10
23,58,9
23,57,10
26,58,10
25,58,8
24,57,7
25,55,10
27,59,9
21,59,7
23,57,13
22,59,13
25,58,13
27,57,14
25,57,10
26,57,9
27,55,11
25,55,10
23,55,11
24,54,12
26,56,12
25,59,11
26,59,11
25,59,11
26,59,10
24,57,12
25,56,13
25,57,11
27,57,10
25,57,9
23,55,9
25,57,8
25,58,8
25,58,8
25,57,9
26,57,8
26,57,6
26,58,6
24,56,7
22,57,5
25,58,0
30,60,-1
32,57,3
29,56,4
28,57,1
32,56,3
27,55,4
29,56,4
30,55,4
31,59,3
28,60,2
25,59,6
27,56,9
28,56,8
27,56,7
28,56,9
28,56,8
27,56,8
27,56,9
27,55,10
28,57,8
27,57,7
27,58,7
28,57,8
27,56,7
28,57,6
27,57,7
26,57,7
26,56,7
26,57,6
28,58,5
27,57,5
27,57,5
27,56,6
27,56,7
15,56,3
18,54,-4
36,60,-1
25,52,5
26,50,5
31,54,-1
31,54,-7
33,54,-9
34,58,-14
32,56,-12
34,56,-13
32,57,-12
30,56,-14
32,56,-14
31,54,-10
30,54,-11
30,56,-14
30,53,-10
30,55,-12
30,55,-12
30,54,-10
31,55,-11
31,55,-12
30,55,-12
30,55,-11
30,55,-11
30,55,-11
30,55,-11
29,55,-11
29,55,-12
29,54,-11
30,55,-11
30,55,-11
30,55,-10
30,54,-10
35,54,-7
38,50,0
39,50,1
32,48,-3
31,46,-2
29,48,-4
28,50,-11
25,48,-7
26,48,-7
28,50,-7
29,49,-8
35,48,-3
39,44,-2
37,44,-3
46,43,-14
48,37,-10
44,33,-15
51,29,-21
56,23,-25
67,16,-29
68,10,-32
67,-8,-26
64,-15,-26
60,-22,-28
50,-37,-23
61,-45,-29
75,-64,-21
47,-53,-25
55,-56,-34
70,-58,-25
62,-55,-11
60,-45,2
40,-34,-7
37,-43,-29
49,-40,-5
30,-32,-13
36,-40,-11
43,-39,-5
25,-41,-5
9,-53,-12
10,-55,-12
21,-59,-10
23,-66,-8
18,-62,-7
29,-59,0
20,-54,0
20,-53,2
20,-47,4
30,-50,4
34,-50,4
34,-47,5
45,-42,-1
49,-38,-4
54,-33,-17
58,-41,-6
56,-46,-1
50,-54,-19
41,-53,-17
30,-52,-15
21,-65,-7
24,-52,-14
30,-55,-14
56,-52,-25
57,-50,-17
56,-56,-6
45,-50,9
49,-47,22
55,-46,16
61,-37,2
64,-37,-2
69,-35,0
70,-23,13
68,-20,16
57,-37,22
48,-45,23
49,-52,24
51,-71,28
39,-68,20
43,-68,23
30,-56,33
30,-32,38
29,-28,42
14,-25,43
37,-13,38
47,-13,37
38,-17,28
47,-10,33
45,-9,32
47,-5,22
49,-1,27
50,0,34
45,-2,30
48,-4,5
62,-5,-18
86,14,-46
69,8,-29
59,10,-35
43,-20,-39
46,-30,-44
56,-18,-34
66,6,-17
64,22,-11
69,32,-9
51,34,-11
65,38,-13
74,36,-5
68,46,-7
67,39,-7
62,38,0
69,40,-8
62,31,1
62,29,8
54,25,13
43,28,9
44,26,16
40,28,28
26,33,15
21,35,10
32,48,15
29,51,9
22,51,9
33,53,20
36,54,25
18,62,18
35,68,25
40,76,34
30,73,36
1,61,25
1,52,27
6,47,33
2,44,35
-13,38,26
-27,33,23
-39,33,13
-53,27,6
-29,22,34
-30,20,38
-33,21,38
-30,22,35
-39,29,28
-36,31,28
-13,43,32
1,50,31
6,51,31
16,50,24
19,54,8
16,54,-1
17,42,-2
26,27,12
44,25,41
75,36,54
65,27,25
53,27,-20
49,-46,13
82,-36,2
55,-43,-9
59,-74,-7
62,-55,15
39,-58,8
27,-68,-10
50,-61,11
35,-72,9
18,-76,-2
59,-79,22
55,-75,13
18,-98,8
5,-72,-10
37,-77,-8
47,-63,1
25,-70,14
13,-70,8
36,-55,4
64,-50,9
59,-48,18
45,-53,13
37,-28,4
48,-32,25
37,-54,18
45,-26,15
65,-40,20
48,-36,11
54,-27,11
44,-20,10
37,-10,7
48,-6,7
55,-1,-1
48,-7,-1
69,0,-4
80,2,-3
66,4,4
65,8,5
57,16,3
66,17,5
65,16,1
54,29,16
47,19,20
47,25,18
60,27,26
57,31,24
58,33,33
52,33,32
60,39,33
65,39,34
70,54,27
75,46,26
76,46,26
66,50,16
55,44,19
45,45,14
45,51,1
39,34,33
43,32,22
25,53,9
31,37,15
28,35,15
30,35,14
33,39,32
34,36,32
15,34,14
26,34,29
32,37,26
16,25,21
42,34,32
33,30,15
34,32,30
34,31,33
24,28,29
44,38,37
30,29,38
31,37,41
25,32,36
27,39,43
27,38,37
30,38,39
32,42,39
31,41,38
32,45,40
33,41,38
31,41,34
34,41,35
27,41,32
32,42,37
31,44,35
30,43,35
31,41,33
32,41,35
33,41,37
25,43,35
33,42,37
33,41,35
31,42,34
31,40,36
30,40,38
29,41,35
35,40,36
34,41,35
36,42,33
35,40,32
32,41,32
35,39,31
37,40,33
34,39,30
42,40,33
37,41,33
36,40,34
37,40,33
38,39,32
37,40,31
36,40,31
37,40,30
36,40,31
36,40,31
36,39,30
36,40,29
40,41,33
40,39,32
35,40,30
43,39,31
34,39,28
37,40,29
39,40,30
40,40,31
39,40,28
39,39,32
37,41,29
35,40,28
41,41,30
37,39,28
35,41,27
38,40,29
38,40,31
37,40,30
44,39,31
29,45,30
29,42,33
29,44,33
41,38,39
43,33,42
26,33,32
43,12,41
42,11,35
-1,24,25
-11,22,16
5,51,6
13,41,5
3,36,-1
-13,58,-2
-25,44,-8
-26,45,4
-39,55,3
-41,46,38
-52,48,41
-24,40,45
-9,46,89
-2,57,89
16,56,65
34,56,61
32,59,57
25,61,47
32,55,47
38,52,43
35,50,40
37,43,34
34,37,34
28,33,30
34,35,34
30,34,35
35,32,36
47,26,44
43,24,44
39,19,45
44,18,48
42,18,48
33,18,43
35,19,45
34,19,45
38,21,48
43,23,51
44,21,49
42,19,50
41,18,48
40,18,47
43,19,48
41,20,43
40,20,42
43,22,41
43,24,39
42,23,38
42,24,39
39,25,41
39,25,41
37,23,42
38,21,45
38,21,45
39,20,45
40,20,46
40,19,47
37,19,48
35,20,48
36,21,49
36,21,48
36,20,48
38,20,50
39,17,51
39,15,52
35,11,51
32,8,49
31,8,49
30,9,49
31,11,48
31,12,48
33,14,51
36,16,53
34,16,53
35,15,56
34,13,57
31,12,55
31,11,54
30,11,53
30,11,52
30,10,52
29,10,50
28,10,50
28,11,50
26,11,49
26,12,50
30,11,52
28,10,52
29,9,54
30,8,55
27,8,54
26,8,54
26,10,53
25,11,52
25,13,50
30,15,50
34,16,47
35,17,44
37,15,38
52,17,30
59,18,25
62,18,15
82,16,20
80,17,13
79,9,10
61,-6,1
54,-13,3
67,-20,17
58,-20,6
51,-14,7
36,-9,9
85,-40,34
74,-10,7
46,34,0
44,-24,20
65,-15,16
68,14,16
67,-3,18
65,2,16
67,4,11
68,1,12
61,1,10
63,-2,9
65,-2,10
68,-3,6
67,-5,3
69,-8,7
65,-14,12
64,-9,10
62,-11,8
60,-20,3
58,-27,6
57,-26,10
55,-21,11
50,-18,9
49,-17,9
50,-16,7
50,-21,7
54,-22,8
58,-23,5
56,-27,7
56,-27,10
56,-24,13
55,-27,15
55,-27,15
54,-26,16
55,-24,15
55,-23,14
56,-21,15
55,-20,18
55,-19,17
55,-19,17
52,-20,16
52,-19,17
51,-19,15
51,-19,17
51,-19,15
52,-18,13
54,-16,15
54,-16,15
57,-14,13
57,-14,15
58,-13,13
65,-13,12
64,-12,12
67,-11,13
69,-10,12
67,-9,10
68,-7,10
65,-5,10
64,-4,11
66,-3,7
70,-7,-1
67,-14,1
62,-16,8
60,-6,2
57,-14,-2
59,-14,-2
56,-7,-2
56,-7,0
55,-7,0
57,-7,-1
57,-9,-1
58,-12,-2
60,-12,0
62,-13,3
68,-15,2
64,-14,4
72,-13,4
73,-8,-2
58,-9,10
61,-9,16
61,-3,5
60,-11,-1
63,-11,0
59,-7,3
59,-5,7
60,-4,6
58,-1,4
59,2,5
59,5,7
62,8,7
66,6,5
73,7,3
83,-1,-8
65,-13,7
64,-7,12
63,1,-1
57,-9,-9
56,-10,-7
55,-5,0
54,-3,-2
55,-3,-4
56,-5,-3
59,-3,-3
60,-3,-3
64,-2,-2
65,-3,0
66,-2,1
67,2,-1
62,0,6
61,0,9
61,1,8
63,-3,5
64,-6,6
62,-7,6
64,-7,8
64,-7,10
64,-8,11
61,-6,11
60,-7,10
59,-6,10
59,-4,8
58,-4,7
60,-6,8
61,-7,8
62,-8,8
60,-6,6
61,-5,8
61,-5,9
61,-3,9
60,-3,8
59,-3,8
60,-5,8
59,-4,8
59,-4,8
60,-3,8
60,-4,9
60,-4,9
60,-5,9
61,-5,10
59,-5,9
60,-6,12
61,-6,12
60,-6,13
62,-8,11
65,-11,13
68,-9,18
78,-11,9
83,-14,9
78,-9,-3
12,63,-64
-4,125,-32
7,-4,8
94,-43,33
66,54,46
84,64,-11
64,16,-16
66,20,4
56,1,1
61,6,0
64,10,-5
62,8,1
58,17,-10
62,21,-11
66,22,-11
63,15,-12
66,13,-11
66,6,-6
64,0,-6
65,-3,-7
61,-6,-2
59,-6,2
60,-5,3
60,-4,3
58,-2,3
59,-1,3
61,0,2
63,1,4
65,1,4
64,1,5
64,1,9
64,0,9
61,0,10
61,1,10
59,2,9
57,2,11
56,2,10
56,5,8
55,7,8
57,8,10
56,9,9
57,9,9
59,9,10
63,7,12
63,8,15
64,9,14
66,10,16
66,10,15
67,11,16
69,15,13
74,17,7
74,12,5
73,11,6
67,11,8
63,9,6
59,12,-1
55,12,-4
55,10,-2
56,7,-4
54,7,-3
54,5,0
55,8,0
59,6,1
60,6,3
62,5,6
67,4,8
67,3,10
64,4,15
73,9,11
61,7,11
57,13,16
61,13,12
54,15,9
57,18,12
56,17,7
54,18,6
55,24,6
53,27,8
55,29,9
57,32,11
60,33,11
60,31,10
57,28,11
62,30,7
67,33,4
65,26,2
63,16,-2
65,16,-5
65,17,-8
63,11,-9
61,8,-9
58,6,-6
57,10,-6
58,15,-4
59,10,-4
60,10,-4
59,11,2
56,13,3
55,15,3
66,19,3
62,15,8
58,10,14
64,16,12
57,18,5
58,19,6
56,16,2
53,20,2
53,22,3
54,23,5
53,26,6
55,25,7
55,24,6
55,24,6
58,25,7
71,31,4
78,25,-1
74,17,1
66,10,4
64,16,-8
62,15,-9
63,10,-4
59,7,-4
57,9,-1
54,11,3
52,12,2
52,9,2
55,8,0
62,6,1
64,5,1
71,1,5
72,6,3
65,4,13
65,8,18
63,7,9
63,6,8
70,-2,8
57,-4,5
54,-1,8
50,5,4
47,10,4
48,14,5
57,21,8
61,22,9
65,22,11
71,18,5
68,8,-7
79,6,-12
78,31,20
63,20,11
69,17,-5
72,22,-18
76,20,-8
59,0,-3
55,9,3
50,8,2
40,6,1
43,7,3
47,5,2
61,6,0
68,0,-2
69,-1,1
69,-1,6
80,4,-4
69,5,-1
62,4,18
67,9,13
57,12,12
57,6,7
56,15,-3
53,23,-6
52,24,0
56,23,4
56,26,3
59,28,7
64,26,8
69,25,4
77,25,3
78,7,3
71,0,3
69,9,-1
62,6,-5
59,2,-6
55,2,-4
52,0,-1
51,-1,-1
49,-5,1
59,-12,9
56,-12,11
66,-8,11
68,-4,12
59,-6,19
80,0,26
65,12,20
65,13,19
62,5,10
56,11,6
54,14,10
51,20,15
50,21,15
52,21,15
56,22,15
62,23,10
75,28,7
77,15,0
74,10,3
71,12,5
62,13,1
59,9,-3
56,8,-5
51,6,-2
51,8,0
52,9,0
56,11,1
58,9,0
62,8,0
66,8,4
65,9,6
64,9,8
62,8,12
61,6,14
71,12,10
55,3,14
57,3,16
62,11,12
60,3,10
64,2,11
55,5,14
54,9,13
51,9,11
52,12,10
51,15,10
52,17,9
56,23,11
63,26,12
66,25,11
66,23,11
74,30,8
79,31,9
70,12,7
72,15,3
70,15,1
66,5,-3
61,5,-3
59,6,-1
53,8,2
55,10,0
56,8,0
55,6,1
59,4,6
59,3,7
56,3,12
71,10,10
71,12,13
49,10,22
68,14,24
62,15,18
59,14,16
65,8,11
60,12,11
54,19,9
55,19,9
52,21,9
53,28,6
55,32,10
55,34,11
64,35,13
63,34,11
59,29,2
80,34,6
74,12,1
71,9,0
74,14,2
71,10,-1
62,4,-4
57,5,-3
54,3,-1
45,3,-6
49,0,1
54,-2,1
60,-1,6
62,-7,11
62,-6,12
65,0,14
69,7,13
57,7,19
69,11,27
67,16,18
61,15,13
71,7,14
64,13,9
59,16,10
55,20,10
52,25,8
52,28,7
51,33,6
53,37,5
57,38,0
67,41,0
64,26,-5
61,23,-5
61,29,-7
56,25,-12
57,21,-14
56,15,-15
59,8,-10
55,7,-10
59,11,-19
59,4,-11
55,6,-12
71,6,-18
59,4,-14
57,9,-11
63,15,-1
54,20,1
54,23,-5
62,24,-6
57,21,-4
61,19,-7
65,16,-5
59,17,-4
57,17,-6
63,15,-2
57,14,-3
58,13,-5
61,12,-4
58,14,-5
60,12,-6
58,10,-11
62,12,-9
62,13,-8
54,12,-14
54,11,-15
60,12,-13
57,11,-13
56,12,-15
64,10,-12
61,9,-14
58,7,-13
63,6,-13
63,3,-11
62,1,-11
65,4,-15
66,1,-10
62,2,-11
67,4,-7
59,7,-12
62,9,-10
58,10,-20
59,9,-16
54,11,-18
51,16,-22
63,14,-23
63,11,-19
62,11,-13
57,8,-14
55,8,-15
66,5,-8
63,2,-9
63,2,-8
62,-2,-8
62,-5,-7
65,-6,-5
56,2,-13
62,1,-16
65,1,-19
65,3,-18
61,1,-17
58,5,-17
61,7,-16
61,9,-18
59,7,-18
56,6,-19
61,9,-20
63,9,-20
54,11,-22
58,17,-23
62,15,-20
52,19,-25
55,22,-22
55,22,-22
54,22,-23
54,22,-23
54,22,-22
54,21,-23
55,21,-24
55,22,-21
53,20,-22
53,20,-21
55,21,-21
51,20,-22
53,19,-22
57,18,-21
58,16,-22
58,14,-21
60,14,-21
57,17,-22
54,17,-22
49,20,-26
49,25,-27
50,27,-26
51,27,-26
56,27,-25
58,25,-21
57,23,-20
56,19,-22
57,19,-20
55,18,-19
49,20,-24
48,22,-25
49,26,-25
48,28,-29
48,29,-30
57,25,-27
57,22,-26
57,21,-25
59,18,-22
56,18,-21
56,18,-21
56,19,-23
53,20,-23
51,19,-25
52,20,-24
54,20,-26
55,19,-25
59,18,-24
61,15,-23
60,15,-20
58,15,-20
56,16,-19
58,17,-18
57,17,-18
53,17,-22
55,17,-22
56,18,-21
53,17,-23
54,18,-23
57,18,-21
56,17,-21
57,17,-21
59,16,-20
58,16,-20
58,16,-20
58,15,-19
58,15,-19
57,15,-19
57,15,-19
57,15,-18
57,15,-19
57,15,-19
57,15,-19
57,15,-19
57,16,-19
58,16,-19
57,16,-20
57,16,-20
57,15,-20
57,15,-20
58,16,-19
57,16,-19
58,15,-18
58,15,-18
58,15,-18
58,14,-19
59,14,-18
58,14,-18
58,14,-19
58,14,-18
57,14,-18
58,14,-18
57,14,-19
57,13,-19
57,14,-19
57,14,-19
58,14,-19
58,14,-19
58,14,-19
58,14,-18
58,14,-18
58,14,-18
58,13,-18
59,14,-18
58,14,-17
58,14,-17
58,14,-18
58,14,-18
58,14,-18
58,14,-17
57,14,-18
58,14,-18
58,14,-19
58,14,-18
59,14,-18
58,14,-18
58,14,-18
58,13,-18
58,14,-18
58,13,-18
58,14,-18
58,13,-18
59,14,-18
59,14,-18
57,14,-19
59,14,-18
58,14,-17
57,14,-19
58,14,-19
58,14,-18
59,14,-18
58,14,-18
58,14,-19
58,14,-18
58,14,-18
58,14,-19
58,14,-18
58,14,-19
58,14,-18
58,14,-19
58,14,-19
58,14,-19
58,14,-18
58,14,-18
57,14,-19
58,14,-18
58,14,-19
58,14,-19
58,14,-19
58,14,-19
58,14,-19
58,14,-19
58,14,-19
58,14,-19
57,14,-19
58,15,-19
58,14,-19
58,14,-19
59,14,-19
57,14,-19
58,14,-18
58,14,-18
58,14,-19
58,14,-19
58,14,-19
59,15,-19
58,14,-19
58,15,-19
58,14,-19
58,14,-18
58,15,-19
57,14,-19
58,14,-19
58,14,-18
58,15,-19
58,15,-19
58,14,-19
57,14,-19
58,14,-19
57,15,-19
58,15,-19
57,14,-19
57,14,-19
58,14,-18
57,14,-18
57,14,-18
58,14,-18
58,15,-18
57,15,-18
58,15,-19
59,15,-18
58,15,-19
58,15,-19
58,15,-18
57,14,-19
58,14,-19
57,14,-18
57,15,-19
58,15,-19
57,15,-20
58,15,-20
58,15,-19
58,15,-19
58,15,-19
58,15,-18
58,15,-18
58,15,-19
58,14,-19
58,15,-18
58,15,-19
57,15,-19
57,15,-19
57,15,-19
58,15,-18
58,15,-19
57,16,-18
58,16,-19
59,16,-19
58,16,-19
58,16,-20
58,16,-20
58,15,-20
58,15,-19
57,15,-18
59,15,-18
61,13,-14
60,14,-14
59,15,-14
60,16,-14
60,16,-13
54,16,-14
52,18,-17
52,20,-16
54,21,-18
51,22,-22
52,22,-21
55,20,-22
54,21,-24
54,21,-22
58,21,-21
54,21,-22
55,21,-23
57,23,-18
56,25,-20
55,24,-20
57,24,-20
57,21,-25
59,21,-26
62,21,-27
59,22,-26
52,24,-27
50,24,-27
59,26,-25
59,27,-27
58,26,-27
59,26,-18
54,25,-10
45,23,-8
49,25,-5
54,30,-6
56,32,-9
53,32,-9
52,30,-7
54,32,-4
55,35,-1
62,25,9
53,23,9
57,25,9
69,18,18
47,21,19
47,21,22
53,12,32
34,16,37
38,20,42
26,17,51
31,17,36
41,24,31
37,21,42
35,20,53
46,20,55
61,24,33
47,20,42
35,17,45
37,21,36
-57,-2,74
-65,-2,-46
127,9,-11
73,28,34
14,29,23
4,22,15
75,9,32
82,21,27
56,10,14
57,14,24
58,23,28
48,12,27
27,5,46
45,15,16
66,8,1
93,8,17
82,17,18
57,14,10
52,16,10
52,18,12
52,19,12
52,22,13
55,23,13
58,25,16
57,25,17
55,27,17
58,24,20
56,24,19
